,date,net_buy_vol,buy_vol,sell_vol,net_in
0,2016-12-05,26.69,26.69,0.0,27.11
1,2016-12-06,18.58,20.33,1.75,19.39
2,2016-12-07,17.25,18.09,0.84,17.79
3,2016-12-08,16.77,18.1,1.33,17.08
4,2016-12-09,3.64,19.88,16.24,4.23
5,2016-12-12,11.94,15.45,3.51,12.26
6,2016-12-13,12.08,14.54,2.46,12.51
7,2016-12-14,8.42,11.18,2.76,8.74
8,2016-12-15,7.06,11.48,4.42,7.59
9,2016-12-16,8.77,11.73,2.96,9.33
10,2016-12-19,3.91,6.24,2.33,4.82
11,2016-12-20,1.34,5.29,3.95,1.7
12,2016-12-21,3.38,5.06,1.68,3.66
13,2016-12-22,3.67,5.62,1.95,3.9
14,2016-12-28,3.39,6.53,3.14,3.85
15,2016-12-29,2.83,4.98,2.15,3.49
16,2016-12-30,1.97,5.6,3.63,3.0
17,2017-01-03,5.98,8.75,2.77,6.15
18,2017-01-04,5.84,10.54,4.7,6.3
19,2017-01-05,6.1,10.09,3.99,6.34
20,2017-01-06,6.23,9.59,3.36,6.44
21,2017-01-09,8.52,11.39,2.87,8.86
22,2017-01-10,8.9,12.24,3.34,9.53
23,2017-01-11,8.93,12.52,3.59,9.23
24,2017-01-12,5.83,9.07,3.24,6.04
25,2017-01-13,6.09,10.47,4.38,6.21
26,2017-01-16,5.22,11.55,6.33,5.59
27,2017-01-17,5.45,9.83,4.38,5.84
28,2017-01-18,5.86,10.34,4.48,6.15
29,2017-01-19,7.77,11.48,3.71,8.09
30,2017-01-20,8.19,11.45,3.26,8.43
31,2017-01-23,7.43,10.94,3.51,7.64
32,2017-01-24,6.89,10.57,3.68,7.07
33,2017-01-25,2.63,6.57,3.94,2.91
34,2017-01-26,4.5,7.24,2.74,4.84
35,2017-02-03,6.82,10.36,3.54,7.16
36,2017-02-06,7.1,10.84,3.74,7.4
37,2017-02-07,6.39,11.15,4.76,6.69
38,2017-02-08,7.31,11.24,3.93,7.76
39,2017-02-09,2.37,9.0,6.63,2.67
40,2017-02-10,5.95,12.74,6.79,6.41
41,2017-02-13,4.53,12.28,7.75,5.08
42,2017-02-14,5.28,11.28,6.0,5.63
43,2017-02-15,4.99,13.68,8.69,5.25
44,2017-02-16,8.22,13.62,5.4,8.63
45,2017-02-17,10.41,16.43,6.02,10.81
46,2017-02-20,6.46,13.12,6.66,6.81
47,2017-02-21,7.96,14.72,6.76,8.51
48,2017-02-22,7.34,13.15,5.81,7.94
49,2017-02-23,10.38,16.4,6.02,10.92
50,2017-02-24,4.61,11.17,6.56,5.71
51,2017-02-27,3.27,12.14,8.87,3.9
52,2017-02-28,2.44,10.09,7.65,3.39
53,2017-03-01,5.45,12.84,7.39,7.04
54,2017-03-02,5.36,15.49,10.13,6.07
55,2017-03-03,4.73,14.44,9.71,5.38
56,2017-03-06,6.07,14.94,8.87,6.79
57,2017-03-07,7.58,17.27,9.69,8.08
58,2017-03-08,4.22,12.6,8.38,4.77
59,2017-03-09,2.19,12.42,10.23,2.77
60,2017-03-10,8.15,16.37,8.22,8.81
61,2017-03-13,8.81,19.12,10.31,9.45
62,2017-03-14,-0.98,12.22,13.2,-0.49
63,2017-03-15,6.93,17.36,10.43,7.57
64,2017-03-16,5.71,14.12,8.41,6.23
65,2017-03-17,1.81,17.45,15.64,2.44
66,2017-03-20,1.89,13.16,11.27,2.59
67,2017-03-21,0.93,13.5,12.57,1.48
68,2017-03-22,5.73,17.07,11.34,6.41
69,2017-03-23,9.12,20.16,11.04,9.8
70,2017-03-24,6.53,18.47,11.94,6.92
71,2017-03-27,4.72,16.9,12.18,4.9
72,2017-03-28,2.77,13.31,10.54,2.91
73,2017-03-29,0.88,12.85,11.97,1.08
74,2017-03-30,1.27,15.35,14.08,1.57
75,2017-03-31,-0.01,12.52,12.53,0.25
76,2017-04-05,9.66,22.71,13.05,10.7
77,2017-04-06,1.27,15.07,13.8,1.66
78,2017-04-07,5.37,16.73,11.36,5.77
79,2017-04-10,7.61,20.47,12.86,7.98
80,2017-04-11,2.44,18.12,15.68,2.71
81,2017-04-12,1.63,17.61,15.98,2.02
82,2017-04-18,6.03,23.15,17.12,6.49
83,2017-04-19,7.29,19.13,11.84,7.75
84,2017-04-20,7.89,21.14,13.25,8.19
85,2017-04-21,6.07,16.74,10.67,6.5
86,2017-04-24,3.73,17.15,13.42,4.17
87,2017-04-25,7.18,21.17,13.99,7.92
88,2017-04-26,6.87,20.58,13.71,7.26
89,2017-04-27,5.52,22.11,16.59,6.73
90,2017-04-28,9.2,22.2,13.0,9.72
91,2017-05-04,16.15,32.1,15.95,16.78
92,2017-05-05,5.46,19.62,14.16,5.77
93,2017-05-08,8.19,20.57,12.38,8.87
94,2017-05-09,10.61,20.89,10.28,11.44
95,2017-05-10,10.38,23.09,12.71,11.34
96,2017-05-11,9.18,22.64,13.46,9.61
97,2017-05-12,5.66,18.18,12.52,6.76
98,2017-05-15,8.16,19.29,11.13,8.76
99,2017-05-16,14.2,26.56,12.36,15.09
100,2017-05-17,9.34,22.12,12.78,9.54
101,2017-05-18,8.27,21.69,13.42,8.45
102,2017-05-19,9.55,20.51,10.96,9.83
103,2017-05-22,5.29,17.61,12.32,5.59
104,2017-05-23,6.26,19.43,13.17,6.62
105,2017-05-24,7.83,19.08,11.25,8.45
106,2017-05-25,5.39,17.79,12.4,6.0
107,2017-05-26,3.22,19.35,16.13,3.44
108,2017-05-31,-2.42,16.66,19.08,-2.14
109,2017-06-01,2.38,19.04,16.66,2.66
110,2017-06-02,9.66,20.23,10.57,10.26
111,2017-06-05,9.93,20.43,10.5,10.17
112,2017-06-06,11.87,21.99,10.12,12.33
113,2017-06-07,17.43,32.08,14.65,18.08
114,2017-06-08,13.26,26.31,13.05,13.9
115,2017-06-09,5.03,24.89,19.86,5.64
116,2017-06-12,0.21,21.21,21.0,0.98
117,2017-06-13,6.48,22.26,15.78,6.97
118,2017-06-14,-2.88,16.09,18.97,-2.58
119,2017-06-15,8.38,23.32,14.94,8.69
120,2017-06-16,4.45,24.08,19.63,4.89
121,2017-06-19,11.51,23.38,11.87,11.95
122,2017-06-20,4.54,17.66,13.12,4.94
123,2017-06-21,9.85,22.56,12.71,10.5
124,2017-06-22,12.43,30.15,17.72,12.8
125,2017-06-23,9.28,25.02,15.74,10.62
126,2017-06-26,4.41,21.82,17.41,4.76
127,2017-06-27,7.03,22.55,15.52,7.5
128,2017-06-28,3.52,26.77,23.25,4.02
129,2017-06-29,9.24,23.63,14.39,10.21
130,2017-06-30,-1.51,13.96,15.47,-1.12
131,2017-07-03,2.65,14.75,12.1,3.22
132,2017-07-04,-2.39,15.73,18.12,-2.02
133,2017-07-05,2.81,15.18,12.37,3.39
134,2017-07-06,-2.28,15.64,17.92,-1.97
135,2017-07-07,4.44,15.96,11.52,4.82
136,2017-07-10,8.2,21.06,12.86,8.95
137,2017-07-11,7.02,20.07,13.05,7.54
138,2017-07-12,9.54,23.41,13.87,10.79
139,2017-07-13,6.0,20.02,14.02,6.52
140,2017-07-14,1.96,14.82,12.86,2.67
141,2017-07-17,13.31,29.28,15.97,13.72
142,2017-07-18,9.17,25.66,16.49,9.69
143,2017-07-19,10.5,24.87,14.37,11.08
144,2017-07-20,3.58,18.48,14.9,3.97
145,2017-07-21,11.92,21.74,9.82,12.19
146,2017-07-24,14.44,26.49,12.05,14.87
147,2017-07-25,12.56,25.35,12.79,12.89
148,2017-07-26,5.47,23.86,18.39,5.89
149,2017-07-27,12.11,24.63,12.52,13.26
150,2017-07-28,8.96,22.39,13.43,9.4
151,2017-07-31,10.0,22.26,12.26,10.63
152,2017-08-01,5.92,18.61,12.69,6.35
153,2017-08-02,1.55,20.18,18.63,1.97
154,2017-08-03,10.65,25.35,14.7,11.84
155,2017-08-04,7.98,22.21,14.23,8.69
156,2017-08-07,12.36,24.4,12.04,13.24
157,2017-08-08,8.09,20.64,12.55,8.65
158,2017-08-09,5.15,18.59,13.44,5.71
159,2017-08-10,2.12,19.9,17.78,2.48
160,2017-08-11,-1.26,19.88,21.14,-0.91
161,2017-08-14,4.88,21.99,17.11,5.38
162,2017-08-15,1.87,19.11,17.24,2.21
163,2017-08-16,6.64,23.82,17.18,7.15
164,2017-08-17,7.07,22.91,15.84,8.15
165,2017-08-18,-10.61,19.24,29.85,-10.11
166,2017-08-21,3.41,21.49,18.08,4.35
167,2017-08-22,2.64,22.14,19.5,3.05
168,2017-08-24,5.29,23.94,18.65,5.91
169,2017-08-25,13.95,32.39,18.44,14.52
170,2017-08-28,19.21,37.48,18.27,19.59
171,2017-08-29,8.71,25.1,16.39,9.21
172,2017-08-30,10.52,26.14,15.62,11.37
173,2017-08-31,6.42,27.68,21.26,7.84
174,2017-09-01,20.17,37.13,16.96,20.55
175,2017-09-04,12.18,31.81,19.63,13.17
176,2017-09-05,8.32,24.73,16.41,8.96
177,2017-09-06,1.3,21.12,19.82,2.09
178,2017-09-07,7.63,28.09,20.46,8.1
179,2017-09-08,7.34,28.0,20.66,8.22
180,2017-09-11,2.58,23.88,21.3,3.1
181,2017-09-12,7.07,32.21,25.14,7.5
182,2017-09-13,5.75,24.45,18.7,6.35
183,2017-09-14,3.42,23.16,19.74,3.88
184,2017-09-15,-3.03,28.08,31.11,-0.99
185,2017-09-18,18.63,36.03,17.4,19.06
186,2017-09-19,2.92,28.33,25.41,3.31
187,2017-09-20,10.95,30.76,19.81,11.58
188,2017-09-21,3.72,28.31,24.59,4.06
189,2017-09-22,9.7,29.01,19.31,10.5
190,2017-09-25,1.12,25.8,24.68,1.57
191,2017-09-26,1.69,23.49,21.8,2.12
192,2017-09-27,8.44,24.25,15.81,8.76
193,2017-09-28,-1.81,17.98,19.79,-1.38
194,2017-09-29,7.32,24.83,17.51,7.78
195,2017-10-09,28.89,51.6,22.71,29.68
196,2017-10-10,16.93,38.39,21.46,17.54
197,2017-10-11,10.58,41.59,31.01,11.47
198,2017-10-12,8.22,26.98,18.76,8.94
199,2017-10-13,9.86,28.89,19.03,10.84
200,2017-10-16,11.0,37.34,26.34,12.09
201,2017-10-17,15.28,37.94,22.66,15.92
202,2017-10-18,1.58,25.86,24.28,2.23
203,2017-10-19,1.14,30.32,29.18,1.68
204,2017-10-20,0.31,27.65,27.34,0.91
205,2017-10-23,-2.48,25.45,27.93,-1.9
206,2017-10-24,-10.13,25.4,35.53,-9.43
207,2017-10-25,2.57,27.84,25.27,3.28
208,2017-10-26,1.82,37.65,35.83,2.42
209,2017-10-27,1.67,30.57,28.9,2.15
210,2017-10-30,1.73,35.04,33.31,2.4
211,2017-10-31,6.32,36.35,30.03,6.91
212,2017-11-01,10.02,35.71,25.69,10.53
213,2017-11-02,7.07,29.99,22.92,7.79
214,2017-11-03,4.47,32.82,28.35,5.34
215,2017-11-06,5.93,38.99,33.06,6.56
216,2017-11-07,6.14,40.62,34.48,6.67
217,2017-11-08,8.42,41.6,33.18,9.15
218,2017-11-09,13.05,39.99,26.94,14.14
219,2017-11-10,1.18,35.33,34.15,1.75
220,2017-11-13,4.66,39.95,35.29,5.4
221,2017-11-14,3.97,41.02,37.05,4.44
222,2017-11-15,-8.9,35.95,44.85,-7.88
223,2017-11-16,4.92,36.68,31.76,6.15
224,2017-11-17,8.95,47.22,38.27,9.64
225,2017-11-20,6.76,46.91,40.15,7.75
226,2017-11-21,-1.85,42.85,44.7,-1.03
227,2017-11-22,0.87,37.51,36.64,1.69
228,2017-11-23,-1.25,45.11,46.36,-0.75
229,2017-11-24,-0.42,44.76,45.18,0.42
230,2017-11-27,-6.37,34.15,40.52,-5.75
231,2017-11-28,12.81,37.19,24.38,13.7
232,2017-11-29,3.59,36.58,32.99,4.24
233,2017-11-30,-7.27,28.89,36.16,-4.68
234,2017-12-01,20.71,42.71,22.0,21.33
235,2017-12-04,2.22,35.39,33.17,2.79
236,2017-12-05,-4.84,30.38,35.22,-4.17
237,2017-12-06,-0.72,40.18,40.9,-0.2
238,2017-12-07,-6.68,29.87,36.55,-6.25
239,2017-12-08,8.82,39.85,31.03,10.65
240,2017-12-11,5.28,36.57,31.29,5.97
241,2017-12-12,-2.09,26.59,28.68,-1.73
242,2017-12-13,8.14,30.12,21.98,8.57
243,2017-12-14,4.17,29.99,25.82,4.61
244,2017-12-15,-15.0,23.79,38.79,-14.59
245,2017-12-18,3.67,25.12,21.45,4.42
246,2017-12-19,7.35,27.12,19.77,8.02
247,2017-12-20,-3.48,23.01,26.49,-2.82
248,2017-12-21,5.66,28.32,22.66,6.24
249,2017-12-27,0.8,32.81,32.01,1.3
250,2017-12-28,13.48,38.94,25.46,14.64
251,2017-12-29,7.15,26.92,19.77,7.7
252,2018-01-02,13.56,35.65,22.09,14.0
253,2018-01-03,18.35,46.52,28.17,19.37
254,2018-01-04,16.19,41.7,25.51,17.03
255,2018-01-05,14.82,41.45,26.63,15.68
256,2018-01-08,10.77,41.5,30.73,11.81
257,2018-01-09,14.82,41.24,26.42,16.04
258,2018-01-10,2.17,36.38,34.21,3.2
259,2018-01-11,2.32,34.82,32.5,3.13
260,2018-01-12,6.15,34.03,27.88,6.93
261,2018-01-15,-0.53,38.3,38.83,0.09
262,2018-01-16,14.9,46.07,31.17,15.88
263,2018-01-17,-4.23,45.98,50.21,-3.51
264,2018-01-18,5.56,39.25,33.69,6.34
265,2018-01-19,7.93,40.26,32.33,8.44
266,2018-01-22,11.21,45.11,33.9,12.37
267,2018-01-23,2.45,45.83,43.38,3.49
268,2018-01-24,8.2,47.59,39.39,9.8
269,2018-01-25,9.2,47.93,38.73,9.84
270,2018-01-26,10.47,40.78,30.31,11.43
271,2018-01-29,-3.47,44.83,48.3,-2.83
272,2018-01-30,6.44,43.49,37.05,7.01
273,2018-01-31,2.86,42.86,40.0,3.56
274,2018-02-01,11.53,54.46,42.93,12.14
275,2018-02-02,11.02,50.47,39.45,11.75
276,2018-02-05,0.9,46.39,45.49,1.66
277,2018-02-06,-23.6,49.88,73.48,-22.98
278,2018-02-07,19.28,70.14,50.86,19.61
279,2018-02-08,16.45,59.69,43.24,17.13
280,2018-02-09,-5.01,53.88,58.89,-4.67
281,2018-02-12,0.47,46.35,45.88,1.1
282,2018-02-13,-8.67,31.19,39.86,-8.39
283,2018-02-14,7.61,27.39,19.78,8.02
284,2018-02-22,13.24,45.86,32.62,14.0
285,2018-02-23,5.93,32.05,26.12,6.87
286,2018-02-26,11.65,42.34,30.69,12.98
287,2018-02-27,9.53,50.94,41.41,9.93
288,2018-02-28,2.05,46.9,44.85,2.45
289,2018-03-01,7.69,41.96,34.27,8.32
290,2018-03-02,-1.84,37.58,39.42,-1.2
291,2018-03-05,-1.02,32.76,33.78,-0.55
292,2018-03-06,3.44,41.98,38.54,4.2
293,2018-03-07,-8.22,29.52,37.74,-7.83
294,2018-03-08,7.88,36.8,28.92,8.42
295,2018-03-09,3.91,40.94,37.03,4.44
296,2018-03-12,5.04,44.14,39.1,5.74
297,2018-03-13,0.58,38.6,38.02,0.92
298,2018-03-14,2.53,36.2,33.67,3.2
299,2018-03-15,4.24,40.2,35.96,5.39
300,2018-03-16,-9.45,41.47,50.92,-8.6
301,2018-03-19,4.63,31.99,27.36,5.41
302,2018-03-20,-2.96,32.93,35.89,-1.96
303,2018-03-21,7.34,39.46,32.12,7.81
304,2018-03-22,2.44,37.15,34.71,3.05
305,2018-03-23,-3.37,53.8,57.17,-2.79
306,2018-03-26,18.16,52.31,34.15,18.94
307,2018-03-27,-5.73,47.76,53.49,-5.31
308,2018-03-28,-1.85,46.52,48.37,-1.38
309,2018-04-03,5.12,55.47,50.35,5.61
310,2018-04-04,6.25,42.95,36.7,6.66
311,2018-04-09,9.35,41.87,32.52,9.85
312,2018-04-10,8.02,44.14,36.12,8.45
313,2018-04-11,7.55,48.56,41.01,8.42
314,2018-04-12,13.39,40.64,27.25,13.66
315,2018-04-13,13.56,41.16,27.6,14.01
316,2018-04-16,12.64,50.8,38.16,13.23
317,2018-04-17,-4.24,47.2,51.44,-3.79
318,2018-04-18,32.39,75.12,42.73,33.02
319,2018-04-19,18.16,55.27,37.11,18.67
320,2018-04-20,-3.48,40.42,43.9,-2.95
321,2018-04-23,9.29,48.89,39.6,9.77
322,2018-04-24,15.25,53.04,37.79,15.71
323,2018-04-25,3.51,39.74,36.23,4.07
324,2018-04-26,-32.32,47.14,79.46,-31.98
325,2018-04-27,-2.53,62.75,65.28,-2.02
326,2018-05-02,22.49,64.86,42.37,23.38
327,2018-05-03,-0.73,44.9,45.63,0.91
328,2018-05-04,-8.49,31.14,39.63,-7.87
329,2018-05-07,10.8,47.03,36.23,11.36
330,2018-05-08,5.29,44.36,39.07,6.0
331,2018-05-09,13.97,39.03,25.06,14.49
332,2018-05-10,12.49,42.84,30.35,13.35
333,2018-05-11,4.42,40.25,35.83,4.84
334,2018-05-14,22.87,56.81,33.94,23.64
335,2018-05-15,21.51,52.83,31.32,22.41
336,2018-05-16,9.09,46.92,37.83,9.66
337,2018-05-17,9.92,37.79,27.87,10.36
338,2018-05-18,10.81,38.07,27.26,11.43
339,2018-05-23,14.19,55.68,41.49,15.04
340,2018-05-24,13.22,45.51,32.29,13.65
341,2018-05-25,5.91,43.95,38.04,6.71
342,2018-05-28,16.53,51.83,35.3,17.4
343,2018-05-29,12.3,51.5,39.2,12.68
344,2018-05-30,16.48,58.67,42.19,17.09
345,2018-05-31,27.48,76.28,48.8,30.03
346,2018-06-01,7.04,49.83,42.79,7.42
347,2018-06-04,25.62,63.91,38.29,26.46
348,2018-06-05,25.94,60.89,34.95,26.66
349,2018-06-06,10.23,46.87,36.64,10.85
350,2018-06-07,17.64,50.89,33.25,18.28
351,2018-06-08,12.82,63.59,50.77,15.86
352,2018-06-11,13.7,55.23,41.53,14.51
353,2018-06-12,15.19,56.88,41.69,16.0
354,2018-06-13,6.92,44.1,37.18,7.38
355,2018-06-14,9.48,44.42,34.94,9.93
356,2018-06-15,5.37,46.69,41.32,6.03
357,2018-06-19,-0.68,63.29,63.97,-0.09
358,2018-06-20,10.73,50.98,40.25,11.38
359,2018-06-21,-12.95,44.33,57.28,-12.61
360,2018-06-22,2.8,44.2,41.4,3.33
361,2018-06-25,-13.66,36.33,49.99,-12.95
362,2018-06-26,8.45,55.0,46.55,10.17
363,2018-06-27,-12.09,42.56,54.65,-11.62
364,2018-06-28,-13.89,45.56,59.45,-13.43
365,2018-07-03,-12.8,63.79,76.59,-11.96
366,2018-07-04,-10.62,41.65,52.27,-10.43
367,2018-07-05,5.16,47.58,42.42,5.41
368,2018-07-06,17.15,61.7,44.55,17.97
369,2018-07-09,10.7,47.76,37.06,11.73
370,2018-07-10,2.0,41.48,39.48,2.62
371,2018-07-11,-4.07,39.12,43.19,-3.39
372,2018-07-12,2.1,45.08,42.98,2.7
373,2018-07-13,5.96,44.89,38.93,6.58
374,2018-07-16,4.42,41.44,37.02,4.88
375,2018-07-17,-4.6,32.81,37.41,-4.04
376,2018-07-18,-1.62,31.59,33.21,-1.12
377,2018-07-19,7.0,41.16,34.16,8.74
378,2018-07-20,16.33,56.26,39.93,17.12
379,2018-07-23,2.27,46.5,44.23,3.35
380,2018-07-24,9.92,57.4,47.48,10.54
381,2018-07-25,2.47,41.07,38.6,3.11
382,2018-07-26,-6.12,40.66,46.78,-5.67
383,2018-07-27,4.74,38.34,33.6,5.33
384,2018-07-30,0.54,43.57,43.03,1.46
385,2018-07-31,12.61,46.31,33.7,13.45
386,2018-08-01,4.72,46.47,41.75,5.43
387,2018-08-02,-3.68,63.93,67.61,-2.17
388,2018-08-03,10.35,59.55,49.2,10.88
389,2018-08-06,16.37,61.03,44.66,16.73
390,2018-08-07,9.78,52.58,42.8,10.8
391,2018-08-08,7.61,54.62,47.01,8.0
392,2018-08-09,18.51,58.86,40.35,19.77
393,2018-08-10,2.89,40.33,37.44,3.41
394,2018-08-13,-4.27,37.14,41.41,-3.87
395,2018-08-14,-10.09,34.26,44.35,-9.6
396,2018-08-15,-6.67,37.65,44.32,-6.33
397,2018-08-16,7.32,48.26,40.94,7.79
398,2018-08-17,3.99,43.68,39.69,4.68
399,2018-08-20,17.53,54.13,36.6,18.4
400,2018-08-21,11.15,49.33,38.18,12.16
401,2018-08-22,1.9,30.96,29.06,2.57
402,2018-08-23,5.03,39.04,34.01,5.66
403,2018-08-24,1.4,35.61,34.21,2.08
404,2018-08-27,14.78,53.27,38.49,16.24
405,2018-08-28,9.25,45.14,35.89,9.74
406,2018-08-29,3.49,35.74,32.25,4.2
407,2018-08-30,2.27,41.52,39.25,2.74
408,2018-08-31,11.75,58.28,46.53,13.03
409,2018-09-03,5.25,40.62,35.37,5.83
410,2018-09-04,4.15,38.12,33.97,5.08
411,2018-09-05,-6.87,36.03,42.9,-6.59
412,2018-09-06,-0.8,39.82,40.62,-0.47
413,2018-09-07,-1.73,41.15,42.88,-1.24
414,2018-09-10,-2.63,35.3,37.93,-2.13
415,2018-09-11,4.21,37.96,33.75,5.22
416,2018-09-12,-2.19,32.75,34.94,-1.81
417,2018-09-13,6.28,42.12,35.84,6.6
418,2018-09-14,12.62,43.69,31.07,12.95
419,2018-09-17,8.21,33.71,25.5,8.61
420,2018-09-18,3.45,38.99,35.54,3.99
421,2018-09-19,1.05,44.12,43.07,1.59
422,2018-09-20,12.85,42.36,29.51,13.15
423,2018-09-26,5.41,61.61,56.2,6.04
424,2018-09-27,3.3,43.06,39.76,3.94
425,2018-09-28,10.13,41.54,31.41,10.53
426,2018-10-08,-23.25,41.92,65.17,-22.96
427,2018-10-09,-7.42,39.04,46.46,-6.88
428,2018-10-10,-3.91,35.4,39.31,-3.48
429,2018-10-11,-13.83,52.29,66.12,-13.49
430,2018-10-12,5.34,56.47,51.13,6.4
431,2018-10-15,2.99,43.63,40.64,3.28
432,2018-10-18,2.24,52.01,49.77,2.83
433,2018-10-19,8.73,60.08,51.35,9.27
434,2018-10-22,2.06,65.88,63.82,3.41
435,2018-10-23,-5.53,46.72,52.25,-5.34
436,2018-10-24,-6.44,43.66,50.1,-5.98
437,2018-10-25,-8.59,41.97,50.56,-8.07
438,2018-10-26,-7.83,38.25,46.08,-7.51
439,2018-10-29,1.47,52.01,50.54,1.71
440,2018-10-30,-7.08,56.27,63.35,-6.05
441,2018-10-31,13.62,59.05,45.43,14.49
442,2018-11-01,28.86,77.75,48.89,29.29
443,2018-11-02,63.72,119.72,56.0,65.79
444,2018-11-05,4.6,64.66,60.06,5.09
445,2018-11-06,-10.3,41.04,51.34,-9.53
446,2018-11-07,4.12,46.79,42.67,4.51
447,2018-11-08,5.93,42.97,37.04,6.52
448,2018-11-09,2.19,41.9,39.71,3.02
449,2018-11-12,4.2,49.24,45.04,4.81
450,2018-11-13,12.14,65.95,53.81,12.97
451,2018-11-14,-2.59,41.2,43.79,-1.94
452,2018-11-15,2.73,42.64,39.91,3.52
453,2018-11-16,11.26,54.65,43.39,12.12
454,2018-11-19,4.99,54.24,49.25,5.75
455,2018-11-20,-9.71,47.06,56.77,-9.17
456,2018-11-21,6.02,51.23,45.21,6.87
457,2018-11-22,-0.98,37.14,38.12,-0.16
458,2018-11-23,-7.51,41.73,49.24,-6.7
459,2018-11-26,7.67,36.76,29.09,8.37
460,2018-11-27,-0.46,36.85,37.31,0.53
461,2018-11-28,7.04,45.2,38.16,8.09
462,2018-11-29,-2.46,40.58,43.04,-1.82
463,2018-11-30,12.33,51.77,39.44,16.77
464,2018-12-03,35.07,89.56,54.49,37.19
465,2018-12-04,10.26,53.52,43.26,11.05
466,2018-12-05,-1.35,48.06,49.41,-0.63
467,2018-12-06,-15.91,42.78,58.69,-15.33
468,2018-12-07,0.34,37.08,36.74,1.1
469,2018-12-10,-0.24,41.27,41.51,0.43
470,2018-12-11,2.98,41.82,38.84,3.66
471,2018-12-12,0.92,35.81,34.89,1.44
472,2018-12-13,31.63,68.58,36.95,32.41
473,2018-12-14,-8.43,55.67,64.1,-6.48
474,2018-12-17,2.67,41.4,38.73,3.49
475,2018-12-18,-13.24,33.32,46.56,-12.52
476,2018-12-19,-4.92,32.09,37.01,-4.07
477,2018-12-20,-2.13,35.77,37.9,-1.43
478,2018-12-21,-7.65,40.8,48.45,-6.01
479,2018-12-27,-4.97,42.43,47.4,-4.51
480,2018-12-28,1.25,38.57,37.32,1.92
481,2019-01-02,-2.38,39.46,41.84,-1.92
482,2019-01-03,1.74,40.59,38.85,2.62
483,2019-01-04,7.37,47.87,40.5,8.13
484,2019-01-07,6.99,48.0,41.01,7.9
485,2019-01-08,3.95,42.32,38.37,4.45
486,2019-01-09,28.94,75.01,46.07,29.8
487,2019-01-10,8.36,51.11,42.75,8.93
488,2019-01-11,14.76,52.49,37.73,15.36
489,2019-01-14,-4.39,38.14,42.53,-3.88
490,2019-01-15,22.73,62.06,39.33,23.47
491,2019-01-16,4.91,46.59,41.68,5.51
492,2019-01-17,10.59,52.45,41.86,11.1
493,2019-01-18,32.85,73.53,40.68,35.06
494,2019-01-21,22.96,64.71,41.75,24.35
495,2019-01-22,-5.62,41.85,47.47,-4.59
496,2019-01-23,6.05,39.02,32.97,6.69
497,2019-01-24,10.45,46.76,36.31,11.7
498,2019-01-25,14.4,55.3,40.9,15.29
499,2019-01-28,27.64,70.7,43.06,28.42
500,2019-01-29,10.71,59.74,49.03,12.07
501,2019-01-30,9.92,57.88,47.96,10.6
502,2019-01-31,33.74,78.5,44.76,34.84
503,2019-02-01,27.94,73.21,45.27,29.33
504,2019-02-11,31.65,86.15,54.5,33.11
505,2019-02-12,28.12,83.24,55.12,29.15
506,2019-02-13,34.41,98.22,63.81,35.68
507,2019-02-14,26.01,88.32,62.31,27.48
508,2019-02-15,15.27,81.74,66.47,16.9
509,2019-02-18,26.4,89.7,63.3,27.82
510,2019-02-19,3.58,95.51,91.93,4.67
511,2019-02-20,18.25,89.25,71.0,19.5
512,2019-02-21,8.45,99.85,91.4,9.31
513,2019-02-22,24.09,96.38,72.29,26.1
514,2019-02-25,18.15,157.15,139.0,20.26
515,2019-02-26,12.08,157.41,145.33,13.19
516,2019-02-27,19.75,133.51,113.76,20.42
517,2019-02-28,15.13,110.16,95.03,16.53
518,2019-03-01,19.93,116.04,96.11,21.56
519,2019-03-04,43.56,192.78,149.22,45.64
520,2019-03-05,22.45,139.26,116.81,25.11
521,2019-03-06,0.61,140.4,139.79,2.64
522,2019-03-07,-14.2,115.48,129.68,-12.36
523,2019-03-08,10.5,163.6,153.1,11.99
524,2019-03-11,-11.8,122.89,134.69,-10.19
525,2019-03-12,2.62,149.73,147.11,3.95
526,2019-03-13,-18.42,134.13,152.55,-17.2
527,2019-03-14,12.36,132.2,119.84,13.93
528,2019-03-15,2.79,128.61,125.82,4.68
529,2019-03-18,1.22,133.74,132.52,3.78
530,2019-03-19,-15.76,119.43,135.19,-14.27
531,2019-03-20,-10.0,119.73,129.73,-8.41
532,2019-03-21,0.07,112.21,112.14,2.28
533,2019-03-22,-12.48,106.53,119.01,-10.23
534,2019-03-25,-32.58,105.34,137.92,-30.81
535,2019-03-26,-0.01,120.87,120.88,1.39
536,2019-03-27,-6.75,106.65,113.4,-4.94
537,2019-03-28,-4.02,111.26,115.28,-2.32
538,2019-03-29,44.04,166.29,122.25,46.67
539,2019-04-01,28.56,184.19,155.63,31.24
540,2019-04-02,-4.19,142.79,146.98,-2.3
541,2019-04-03,11.75,139.13,127.38,14.42
542,2019-04-04,-13.64,145.12,158.76,-11.42
543,2019-04-08,-23.84,159.18,183.02,-21.09
544,2019-04-09,-8.31,142.11,150.42,3.54
545,2019-04-10,-30.06,155.96,186.02,-27.75
546,2019-04-11,-24.17,142.05,166.22,-22.15
547,2019-04-12,-4.49,123.29,127.78,-2.08
548,2019-04-15,-13.18,131.28,144.46,-10.95
549,2019-04-16,16.14,155.83,139.69,18.88
550,2019-04-17,-16.0,133.53,149.53,-14.2
551,2019-04-23,-29.09,150.99,180.08,-26.98
552,2019-04-24,-12.38,126.97,139.35,-9.83
553,2019-04-25,-10.88,128.95,139.83,-9.0
554,2019-04-26,8.04,146.93,138.89,10.03
555,2019-04-29,7.14,141.12,133.98,9.55
556,2019-04-30,-0.83,123.01,123.84,0.91
557,2019-05-06,-21.99,148.94,170.93,-21.16
558,2019-05-07,10.71,156.37,145.66,12.37
559,2019-05-08,2.89,118.96,116.07,4.12
560,2019-05-09,-13.27,107.56,120.83,-11.95
561,2019-05-14,-37.37,121.62,158.99,-35.89
562,2019-05-15,5.67,110.64,104.97,7.84
563,2019-05-16,-8.02,101.55,109.57,-5.86
564,2019-05-17,-21.01,111.22,132.23,-19.5
565,2019-05-20,-9.49,111.2,120.69,-7.95
566,2019-05-21,-16.55,89.56,106.11,-15.43
567,2019-05-22,-32.7,89.88,122.58,-31.43
568,2019-05-23,-26.32,85.74,112.06,-25.28
569,2019-05-24,-17.43,79.9,97.33,-16.52
570,2019-05-27,-7.91,94.42,102.33,-6.19
571,2019-05-28,8.9,152.99,144.09,15.59
572,2019-05-29,-4.73,80.74,85.47,-3.52
573,2019-05-30,-8.48,83.15,91.63,-7.09
574,2019-05-31,-0.41,82.12,82.53,0.55
575,2019-06-03,5.03,95.78,90.75,6.22
576,2019-06-04,-0.75,90.73,91.48,0.36
577,2019-06-05,7.82,91.36,83.54,8.61
578,2019-06-06,-4.21,79.29,83.5,-3.09
579,2019-06-10,29.39,100.64,71.25,30.96
580,2019-06-11,31.71,122.51,90.8,33.81
581,2019-06-12,-1.82,87.47,89.29,1.42
582,2019-06-13,-0.55,77.66,78.21,0.4
583,2019-06-14,-16.08,91.87,107.95,-12.03
584,2019-06-17,-0.34,69.33,69.67,0.87
585,2019-06-18,6.17,67.86,61.69,7.37
586,2019-06-19,28.31,106.92,78.61,29.16
587,2019-06-20,36.5,133.52,97.02,37.94
588,2019-06-21,36.08,157.55,121.47,40.57
589,2019-06-24,-11.53,82.15,93.68,-10.28
590,2019-06-25,-9.06,79.94,89.0,-7.99
591,2019-06-26,-2.53,63.14,65.67,-1.37
592,2019-06-27,29.05,101.93,72.88,30.43
593,2019-07-02,16.28,128.18,111.9,17.69
594,2019-07-03,-5.04,92.47,97.51,-4.04
595,2019-07-04,0.35,88.01,87.66,1.45
596,2019-07-05,5.52,76.0,70.48,6.72
597,2019-07-08,-9.9,80.17,90.07,-8.69
598,2019-07-09,-6.75,69.0,75.75,-5.77
599,2019-07-10,-0.01,67.75,67.76,1.2
600,2019-07-11,6.13,78.52,72.39,7.07
601,2019-07-12,6.84,81.25,74.41,7.86
602,2019-07-15,6.88,101.67,94.79,8.11
603,2019-07-16,3.0,78.69,75.69,4.22
604,2019-07-17,8.24,79.39,71.15,9.19
605,2019-07-18,1.77,74.44,72.67,3.3
606,2019-07-19,19.02,92.15,73.13,20.36
607,2019-07-22,9.64,87.18,77.54,11.07
608,2019-07-23,-7.4,73.6,81.0,-5.54
609,2019-07-24,8.63,90.51,81.88,10.35
610,2019-07-25,2.34,84.89,82.55,4.08
611,2019-07-26,-5.08,65.57,70.65,-3.55
612,2019-07-29,15.7,85.58,69.88,16.89
613,2019-07-30,28.6,95.65,67.05,29.99
614,2019-07-31,1.22,61.98,60.76,1.42
615,2019-08-01,1.32,81.31,79.99,2.82
616,2019-08-02,-21.56,86.21,107.77,-19.84
617,2019-08-05,-10.34,87.67,98.01,-8.94
618,2019-08-06,2.66,115.64,112.98,4.42
619,2019-08-07,-5.94,76.67,82.61,-4.82
620,2019-08-08,16.13,86.81,70.68,17.81
621,2019-08-09,14.42,85.82,71.4,16.27
622,2019-08-12,19.38,93.58,74.2,21.22
623,2019-08-13,-6.54,72.16,78.7,-5.13
624,2019-08-14,17.55,94.23,76.68,19.03
625,2019-08-15,8.36,92.66,84.3,10.3
626,2019-08-16,0.8,95.09,94.29,2.54
627,2019-08-19,43.56,142.58,99.02,46.22
628,2019-08-20,-6.44,100.48,106.92,-4.71
629,2019-08-21,7.49,90.72,83.23,8.91
630,2019-08-22,10.99,96.54,85.55,12.69
631,2019-08-23,13.05,99.51,86.46,14.46
632,2019-08-26,-6.87,97.75,104.62,-5.3
633,2019-08-27,41.71,191.43,149.72,43.94
634,2019-08-28,-4.15,99.71,103.86,-3.03
635,2019-08-29,0.62,99.92,99.3,2.0
636,2019-08-30,26.79,133.68,106.89,28.25
637,2019-09-02,24.36,131.23,106.87,26.31
638,2019-09-03,-9.87,105.82,115.69,-8.05
639,2019-09-04,3.34,125.48,122.14,6.18
640,2019-09-05,37.72,155.92,118.2,39.72
641,2019-09-06,30.28,131.39,101.11,32.71
642,2019-09-09,15.48,123.92,108.44,19.41
643,2019-09-10,3.38,120.12,116.74,6.07
644,2019-09-11,6.27,118.16,111.89,9.13
645,2019-09-12,8.07,102.03,93.96,10.49
646,2019-09-16,4.91,107.82,102.91,7.4
647,2019-09-17,1.86,101.35,99.49,4.22
648,2019-09-18,14.69,99.17,84.48,18.8
649,2019-09-19,23.15,106.72,83.57,26.33
650,2019-09-20,77.25,210.52,133.27,96.8
651,2019-09-23,6.8,110.23,103.43,10.05
652,2019-09-24,19.45,115.84,96.39,21.57
653,2019-09-25,9.69,118.73,109.04,12.15
654,2019-09-26,10.81,127.25,116.44,12.89
655,2019-09-27,6.79,97.92,91.13,9.25
656,2019-09-30,-4.04,82.55,86.59,-2.32
657,2019-10-08,13.91,120.4,106.49,17.87
658,2019-10-09,-2.33,93.42,95.75,-0.37
659,2019-10-10,-0.2,110.48,110.68,2.66
660,2019-10-11,9.95,106.04,96.09,14.43
661,2019-10-14,21.82,114.27,92.45,24.47
662,2019-10-15,9.75,101.91,92.16,13.4
663,2019-10-16,20.33,103.9,83.57,24.07
664,2019-10-17,15.37,90.09,74.72,19.58
665,2019-10-18,2.46,95.34,92.88,7.81
666,2019-10-21,7.87,92.44,84.57,9.97
667,2019-10-22,-0.72,85.3,86.02,1.22
668,2019-10-23,-5.36,79.5,84.86,-1.48
669,2019-10-24,10.95,85.25,74.3,14.84
670,2019-10-25,15.31,100.77,85.46,19.81
671,2019-10-28,12.6,111.79,99.19,17.05
672,2019-10-29,15.35,117.74,102.39,19.76
673,2019-10-30,22.62,114.97,92.35,27.61
674,2019-10-31,42.0,139.79,97.79,48.62
675,2019-11-01,41.71,132.51,90.8,48.9
676,2019-11-04,18.17,114.11,95.94,20.65
677,2019-11-05,20.32,118.01,97.69,26.24
678,2019-11-06,-1.31,102.23,103.54,4.85
679,2019-11-07,15.82,96.05,80.23,22.52
680,2019-11-08,19.72,116.3,96.58,26.04
681,2019-11-11,7.31,104.63,97.32,13.48
682,2019-11-12,-0.02,93.2,93.22,6.69
683,2019-11-13,-1.15,83.38,84.53,5.53
684,2019-11-14,13.12,95.69,82.57,19.98
685,2019-11-15,9.57,93.19,83.62,16.55
686,2019-11-18,15.18,89.57,74.39,22.35
687,2019-11-19,15.95,106.77,90.82,23.35
688,2019-11-20,10.24,96.54,86.3,16.61
689,2019-11-21,12.32,95.5,83.18,18.53
690,2019-11-22,13.7,136.33,122.63,20.23
691,2019-11-25,19.83,127.47,107.64,27.29
692,2019-11-26,105.55,338.56,233.01,121.18
693,2019-11-27,18.41,117.0,98.59,25.59
694,2019-11-28,9.78,88.07,78.29,18.5
695,2019-11-29,9.67,98.3,88.63,18.05
696,2019-12-02,9.5,88.3,78.8,16.46
697,2019-12-03,21.23,101.17,79.94,28.75
698,2019-12-04,35.35,120.1,84.75,44.39
699,2019-12-05,41.33,119.51,78.18,51.27
700,2019-12-06,22.75,107.51,84.76,30.53
701,2019-12-09,8.24,108.67,100.43,15.79
702,2019-12-10,10.65,101.66,91.01,18.14
703,2019-12-11,10.14,111.11,100.97,17.24
704,2019-12-12,24.62,105.6,80.98,33.15
705,2019-12-13,18.14,153.89,135.75,35.63
706,2019-12-16,10.74,137.13,126.39,19.39
707,2019-12-17,38.16,176.3,138.14,46.97
708,2019-12-18,21.77,147.07,125.3,30.99
709,2019-12-19,14.54,126.2,111.66,23.77
710,2019-12-20,11.0,139.2,128.2,22.16
711,2019-12-23,8.36,127.17,118.81,17.17
712,2019-12-27,13.82,159.37,145.55,23.49
713,2019-12-30,29.54,148.72,119.18,40.7
714,2019-12-31,0.01,114.5,114.49,5.53
715,2020-01-02,51.03,179.64,128.61,56.82
716,2020-01-03,19.46,151.37,131.91,25.17
717,2020-01-06,35.5,188.73,153.23,46.15
718,2020-01-07,25.36,172.32,146.96,37.47
719,2020-01-08,18.37,168.12,149.75,30.01
720,2020-01-09,42.9,188.71,145.81,54.57
721,2020-01-10,14.64,166.93,152.29,26.84
722,2020-01-13,51.36,192.97,141.61,58.18
723,2020-01-14,13.77,163.97,150.2,22.99
724,2020-01-15,15.41,154.93,139.52,26.57
725,2020-01-16,22.75,168.27,145.52,34.52
726,2020-01-17,16.83,159.7,142.87,28.6
727,2020-01-20,29.43,185.9,156.47,42.24
728,2020-01-21,-29.25,160.67,189.92,-16.26
729,2020-01-22,0.08,177.76,177.68,15.36
730,2020-01-23,-56.19,191.3,247.49,-42.98
731,2020-02-03,45.99,169.26,123.27,49.17
732,2020-02-04,48.88,282.01,233.13,66.56
733,2020-02-05,4.78,247.53,242.75,20.08
734,2020-02-06,44.74,262.17,217.43,60.57
735,2020-02-07,-24.73,195.05,219.78,-8.85
736,2020-02-10,-20.99,209.22,230.21,-4.72
737,2020-02-11,-3.53,198.4,201.93,3.21
738,2020-02-12,1.14,194.45,193.31,17.14
739,2020-02-13,-0.16,209.33,209.49,15.37
740,2020-02-14,18.06,200.1,182.04,34.2
741,2020-02-17,21.61,224.1,202.49,39.15
742,2020-02-18,-19.89,205.5,225.39,-2.95
743,2020-02-19,13.42,242.12,228.7,29.94
744,2020-02-20,28.33,263.09,234.76,46.43
745,2020-02-21,9.16,267.14,257.98,27.36
746,2020-02-24,-38.75,264.06,302.81,-22.56
747,2020-02-25,-15.62,315.45,331.07,1.78
748,2020-02-26,-50.8,297.18,347.98,-35.04
749,2020-02-27,-18.48,272.03,290.51,-0.71
750,2020-02-28,-15.31,326.97,342.28,-1.02
751,2020-03-02,15.03,311.72,296.69,28.46
752,2020-03-03,-6.65,305.4,312.05,5.19
753,2020-03-04,-21.15,252.02,273.17,-9.06
754,2020-03-05,15.91,288.15,272.24,22.13
755,2020-03-06,-3.67,224.03,227.7,9.81
756,2020-03-09,-46.48,255.23,301.71,-34.95
757,2020-03-10,24.7,291.07,266.37,37.83
758,2020-03-11,-73.52,207.64,281.16,-61.27
759,2020-03-12,-17.4,234.54,251.94,-5.25
760,2020-03-13,-41.73,246.1,287.83,-34.37
761,2020-03-16,-44.9,255.01,299.91,-39.39
762,2020-03-17,-26.37,238.83,265.2,-21.0
763,2020-03-18,-30.8,239.74,270.54,-27.05
764,2020-03-19,-45.86,246.92,292.78,-42.18
765,2020-03-20,-19.08,220.79,239.87,-12.72
766,2020-03-23,-17.05,197.11,214.16,-12.78
767,2020-03-24,9.24,207.73,198.49,14.96
768,2020-03-25,12.59,214.05,201.46,18.79
769,2020-03-26,-7.88,170.63,178.51,-1.81
770,2020-03-27,11.43,189.78,178.35,18.33
771,2020-03-30,-0.03,190.56,190.59,6.61
772,2020-03-31,12.31,178.38,166.07,19.54
773,2020-04-01,38.23,207.54,169.31,44.69
774,2020-04-02,21.72,201.6,179.88,29.88
775,2020-04-03,-24.66,159.77,184.43,-18.08
776,2020-04-07,64.6,248.37,183.77,73.52
777,2020-04-08,-15.94,168.41,184.35,-6.84
778,2020-04-14,95.07,289.98,194.91,106.67
779,2020-04-15,24.64,210.96,186.32,33.84
780,2020-04-16,18.64,183.01,164.37,28.72
781,2020-04-17,36.87,242.67,205.8,45.87
782,2020-04-20,8.17,175.03,166.86,17.37
783,2020-04-21,-15.07,164.09,179.16,-5.98
784,2020-04-22,4.85,167.68,162.83,14.72
785,2020-04-23,-9.29,163.01,172.3,-0.22
786,2020-04-24,16.87,162.85,145.98,25.17
787,2020-04-27,20.59,171.91,151.32,28.63
788,2020-04-28,10.34,210.5,200.16,18.68
789,2020-05-06,34.61,300.37,265.76,45.03
790,2020-05-07,-18.38,192.38,210.76,-9.62
791,2020-05-08,35.47,226.91,191.44,45.01
792,2020-05-11,15.75,227.27,211.52,25.27
793,2020-05-12,11.88,201.03,189.15,20.73
794,2020-05-13,-2.31,181.45,183.76,7.4
795,2020-05-14,3.25,169.08,165.83,11.86
796,2020-05-15,13.06,177.52,164.46,21.32
797,2020-05-18,9.67,227.76,218.09,15.43
798,2020-05-19,28.14,193.66,165.52,34.51
799,2020-05-20,12.74,210.96,198.22,17.78
800,2020-05-21,-0.27,184.34,184.61,5.05
801,2020-05-22,-0.34,184.1,184.44,4.74
802,2020-05-25,9.12,160.71,151.59,15.5
803,2020-05-26,28.93,180.31,151.38,35.22
804,2020-05-27,-6.19,161.91,168.1,0.18
805,2020-05-28,2.48,174.81,172.33,9.83
806,2020-05-29,40.26,253.34,213.08,53.41
807,2020-06-01,64.96,281.02,216.06,73.07
808,2020-06-02,-18.07,242.38,260.45,-11.16
809,2020-06-03,37.52,252.69,215.17,44.32
810,2020-06-04,23.97,212.64,188.67,30.16
811,2020-06-05,13.55,179.81,166.26,19.86
812,2020-06-08,-9.2,207.69,216.89,-2.84
813,2020-06-09,21.35,198.94,177.59,27.89
814,2020-06-10,16.56,204.26,187.7,24.2
815,2020-06-11,20.3,233.95,213.65,26.89
816,2020-06-12,-1.63,248.24,249.87,10.98
817,2020-06-15,10.54,261.05,250.51,18.49
818,2020-06-16,18.7,249.46,230.76,27.15
819,2020-06-17,-19.77,213.68,233.45,-16.68
820,2020-06-18,19.45,250.74,231.29,24.45
821,2020-06-19,83.46,352.44,268.98,97.21
822,2020-06-22,9.06,259.12,250.06,17.67
823,2020-06-23,-9.95,241.78,251.73,-0.09
824,2020-06-24,1.58,240.41,238.83,11.8
825,2020-06-29,0.17,237.19,237.02,9.53
826,2020-07-02,59.55,438.28,378.73,71.7
827,2020-07-03,51.53,402.84,351.31,63.19
828,2020-07-06,85.52,480.33,394.81,97.39
829,2020-07-07,31.82,510.88,479.06,42.49
830,2020-07-08,8.07,438.01,429.94,21.89
831,2020-07-09,46.23,488.21,441.98,60.09
832,2020-07-10,-26.89,440.64,467.53,-14.22
833,2020-07-13,35.08,487.78,452.7,49.38
834,2020-07-14,-123.89,434.66,558.55,-111.0
835,2020-07-15,-12.32,446.39,458.71,0.39
836,2020-07-16,-45.49,483.28,528.77,-38.69
837,2020-07-17,6.45,418.57,412.12,18.23
838,2020-07-20,-82.43,376.16,458.59,-69.59
839,2020-07-21,6.87,388.62,381.75,18.69
840,2020-07-22,60.28,424.17,363.89,72.42
841,2020-07-23,-5.58,406.35,411.93,6.98
842,2020-07-24,-70.58,423.68,494.26,-60.27
843,2020-07-27,23.02,377.43,354.41,33.68
844,2020-07-28,15.01,342.11,327.1,26.31
845,2020-07-29,73.16,414.53,341.37,86.13
846,2020-07-30,-47.63,329.63,377.26,-37.03
847,2020-07-31,9.12,377.28,368.16,20.41
848,2020-08-03,19.75,388.16,368.41,31.63
849,2020-08-04,-18.7,362.41,381.11,-7.61
850,2020-08-05,12.66,348.56,335.9,24.5
851,2020-08-06,-20.11,357.89,378.0,-7.14
852,2020-08-07,6.66,364.47,357.81,18.68
853,2020-08-10,-13.92,335.3,349.22,-2.42
854,2020-08-11,18.24,357.7,339.46,31.06
855,2020-08-12,-25.86,355.28,381.14,-14.45
856,2020-08-13,-10.6,278.74,289.34,-0.04
857,2020-08-14,29.96,285.44,255.48,42.3
858,2020-08-17,15.8,350.91,335.11,27.11
859,2020-08-18,-10.83,317.34,328.17,0.89
860,2020-08-19,-39.2,171.63,210.83,-36.6
861,2020-08-20,15.48,307.33,291.85,25.93
862,2020-08-21,18.91,296.65,277.74,29.46
863,2020-08-24,22.21,330.69,308.48,35.04
864,2020-08-25,-7.18,292.92,300.1,3.45
865,2020-08-26,-14.05,300.85,314.9,-4.23
866,2020-08-27,11.16,268.08,256.92,22.03
867,2020-08-28,49.56,336.36,286.8,62.3
868,2020-08-31,-46.12,353.99,400.11,-33.99
869,2020-09-01,15.05,274.78,259.73,27.43
870,2020-09-02,-6.07,293.23,299.3,4.75
871,2020-09-03,-19.21,283.98,303.19,-9.12
872,2020-09-04,-32.11,259.33,291.44,-21.1
873,2020-09-07,-32.63,303.22,335.85,-23.03
874,2020-09-08,39.88,303.08,263.2,48.38
875,2020-09-09,-21.18,299.2,320.38,-8.93
876,2020-09-10,19.54,291.28,271.74,29.25
877,2020-09-11,23.73,261.29,237.56,33.73
878,2020-09-14,-4.6,265.2,269.8,4.64
879,2020-09-15,31.43,262.41,230.98,40.76
880,2020-09-16,-14.86,259.93,274.79,-5.43
881,2020-09-17,27.62,263.56,235.94,38.74
882,2020-09-18,34.8,328.19,293.39,48.21
883,2020-09-21,-32.54,233.75,266.29,-24.05
884,2020-09-22,-1.46,234.25,235.71,6.81
885,2020-09-23,-19.19,219.36,238.55,-9.78
886,2020-09-24,-62.79,206.55,269.34,-54.35
887,2020-09-25,-2.22,201.29,203.51,6.7
888,2020-09-28,0.38,196.31,195.93,8.82
889,2020-09-29,26.9,231.34,204.44,38.92
890,2020-09-30,-16.3,215.26,231.56,-7.15
891,2020-10-09,91.13,368.26,277.13,102.56
892,2020-10-12,65.27,379.04,313.77,77.19
893,2020-10-14,-17.6,349.13,366.73,-4.89
894,2020-10-15,-6.14,251.02,257.16,3.18
895,2020-10-16,-2.71,246.43,249.14,5.82
896,2020-10-19,-29.68,220.08,249.76,-22.01
897,2020-10-20,9.87,233.47,223.6,20.61
898,2020-10-21,-49.02,203.98,253.0,-40.92
899,2020-10-22,-19.77,212.05,231.82,-11.19
900,2020-10-27,-14.78,270.76,285.54,-4.73
901,2020-10-28,-1.2,254.46,255.66,9.07
902,2020-10-29,8.32,278.65,270.33,19.44
903,2020-10-30,-17.36,292.35,309.71,-7.61
904,2020-11-02,24.5,283.43,258.93,34.2
905,2020-11-03,0.19,268.91,268.72,9.54
906,2020-11-04,-0.02,236.32,236.34,9.74
907,2020-11-05,59.38,313.97,254.59,70.57
908,2020-11-06,3.24,302.73,299.49,13.61
909,2020-11-09,116.15,416.17,300.02,128.84
910,2020-11-10,-62.53,296.69,359.22,-53.04
911,2020-11-11,-34.2,298.77,332.97,-25.02
912,2020-11-12,12.0,268.02,256.02,21.82
913,2020-11-13,-13.04,268.55,281.59,-3.16
914,2020-11-16,-11.77,262.07,273.84,-1.65
915,2020-11-17,-14.78,284.38,299.16,-4.51
916,2020-11-18,-6.28,271.82,278.1,3.65
917,2020-11-19,-8.96,244.22,253.18,1.16
918,2020-11-20,12.49,243.2,230.71,22.78
919,2020-11-23,33.69,302.52,268.83,44.61
920,2020-11-24,7.86,265.47,257.61,18.1
921,2020-11-25,-24.35,241.65,266.0,-14.85
922,2020-11-26,28.7,244.22,215.52,39.79
923,2020-11-27,7.51,214.75,207.24,18.69
924,2020-11-30,37.8,394.93,357.13,52.89
925,2020-12-01,62.44,326.35,263.91,75.52
926,2020-12-02,-31.77,266.82,298.59,-21.51
927,2020-12-03,2.63,262.07,259.44,13.06
928,2020-12-04,9.82,236.3,226.48,20.38
929,2020-12-07,-20.26,223.99,244.25,-10.23
930,2020-12-08,26.51,227.02,200.51,35.91
931,2020-12-09,19.42,245.24,225.82,31.24
932,2020-12-10,0.24,231.2,230.96,10.87
933,2020-12-11,-29.6,266.63,296.23,-14.6
934,2020-12-14,17.43,232.23,214.8,28.96
935,2020-12-15,-6.01,240.91,246.92,5.85
936,2020-12-16,-9.58,213.46,223.04,3.22
937,2020-12-17,36.57,266.81,230.24,50.53
938,2020-12-18,-32.69,249.81,282.5,-13.11
939,2020-12-21,51.51,291.49,239.98,65.33
940,2020-12-22,-32.64,257.84,290.48,-17.83
941,2020-12-23,18.83,280.86,262.03,30.94
942,2020-12-28,5.99,304.93,298.94,19.38
943,2020-12-29,30.89,285.21,254.32,43.26
944,2020-12-30,56.55,314.61,258.06,71.2
945,2020-12-31,15.13,312.54,297.41,30.51
946,2021-01-04,8.53,383.46,374.93,23.77
947,2021-01-05,-22.75,419.82,442.57,-4.06
948,2021-01-06,-16.33,381.12,397.45,-0.81
949,2021-01-07,16.16,392.4,376.24,33.11
950,2021-01-08,100.29,486.17,385.88,114.31
951,2021-01-11,18.43,436.89,418.46,32.69
952,2021-01-12,44.58,393.28,348.7,63.02
953,2021-01-13,30.69,435.3,404.61,47.96
954,2021-01-14,29.6,405.04,375.44,45.37
955,2021-01-15,11.41,393.82,382.41,27.01
956,2021-01-18,23.02,357.73,334.71,37.7
957,2021-01-19,-2.21,372.0,374.21,13.39
958,2021-01-20,47.51,346.49,298.98,63.05
959,2021-01-21,28.51,387.94,359.43,45.12
960,2021-01-22,-12.22,361.54,373.76,2.84
961,2021-01-25,3.04,420.95,417.91,10.3
962,2021-01-26,-6.25,385.67,391.92,9.16
963,2021-01-27,-0.24,347.62,347.86,14.94
964,2021-01-28,-27.44,334.37,361.81,-11.62
965,2021-01-29,20.48,375.1,354.62,37.31
966,2021-02-01,6.12,314.26,308.14,19.8
967,2021-02-02,29.82,358.88,329.06,45.42
968,2021-02-03,28.57,371.1,342.53,43.93
969,2021-02-04,57.01,391.78,334.77,72.02
970,2021-02-05,56.77,371.64,314.87,71.2
971,2021-02-08,54.65,369.84,315.19,68.48
972,2021-02-09,13.72,334.74,321.02,27.76
973,2021-02-10,2.52,336.02,333.5,16.77
974,2021-02-18,24.02,462.56,438.54,39.87
975,2021-02-19,77.52,439.37,361.85,93.68
976,2021-02-22,-6.22,418.1,424.32,8.38
977,2021-02-23,-15.45,364.72,380.17,-1.62
978,2021-02-24,-5.29,410.22,415.51,6.52
979,2021-02-25,-15.74,343.33,359.07,-2.3
980,2021-02-26,-10.57,408.09,418.66,11.02
981,2021-03-01,28.69,334.3,305.61,43.44
982,2021-03-02,-34.77,315.12,349.89,-22.13
983,2021-03-03,25.91,296.22,270.31,39.03
984,2021-03-04,-51.51,317.87,369.38,-38.7
985,2021-03-05,-7.97,328.25,336.22,6.35
986,2021-03-08,-38.94,314.64,353.58,-27.26
987,2021-03-09,8.47,379.66,371.19,21.55
988,2021-03-10,12.36,307.82,295.46,23.75
989,2021-03-11,29.38,313.88,284.5,42.95
990,2021-03-12,-6.86,295.23,302.09,5.02
991,2021-03-15,22.96,298.1,275.14,35.64
992,2021-03-16,33.94,282.67,248.73,45.44
993,2021-03-17,26.21,276.13,249.92,38.06
994,2021-03-18,13.56,274.02,260.46,25.54
995,2021-03-19,-16.34,298.83,315.17,1.45
996,2021-03-22,47.57,296.42,248.85,59.72
997,2021-03-23,-40.88,240.11,280.99,-30.16
998,2021-03-24,-4.94,252.22,257.16,6.62
999,2021-03-25,7.52,245.9,238.38,19.12
1000,2021-03-26,47.77,306.5,258.73,60.47
1001,2021-03-29,-32.03,256.66,288.69,-18.99
1002,2021-03-30,-5.26,245.49,250.75,7.58
1003,2021-03-31,-58.95,197.58,256.53,-45.74
1004,2021-04-07,-1.41,296.81,298.22,11.04
1005,2021-04-08,-3.88,213.0,216.88,7.75
1006,2021-04-09,9.61,214.2,204.59,22.33
1007,2021-04-12,0.74,238.16,237.42,11.68
1008,2021-04-13,58.65,258.73,200.08,70.18
1009,2021-04-14,41.9,240.18,198.28,54.7
1010,2021-04-15,-14.54,199.54,214.08,-2.42
1011,2021-04-16,38.39,238.36,199.97,52.22
1012,2021-04-19,97.56,318.29,220.73,112.84
1013,2021-04-20,-11.78,244.35,256.13,1.45
1014,2021-04-21,10.18,226.97,216.79,23.38
1015,2021-04-22,5.87,241.41,235.54,18.08
1016,2021-04-23,40.49,269.78,229.29,53.71
1017,2021-04-26,33.06,306.36,273.3,44.95
1018,2021-04-27,27.2,257.91,230.71,39.91
1019,2021-04-28,5.91,249.17,243.26,19.58
1020,2021-04-29,3.84,260.99,257.15,17.59
1021,2021-04-30,-1.2,308.71,309.91,9.15
1022,2021-05-06,-3.99,340.41,344.4,8.68
1023,2021-05-07,16.62,297.23,280.61,29.72
1024,2021-05-10,38.83,281.7,242.87,52.1
1025,2021-05-11,-18.5,248.22,266.72,-5.88
1026,2021-05-12,-9.31,220.69,230.0,4.27
1027,2021-05-13,-25.78,215.11,240.89,-13.45
1028,2021-05-14,34.64,274.73,240.09,48.74
1029,2021-05-17,2.46,267.98,265.52,13.56
1030,2021-05-20,-0.39,304.03,304.42,13.51
1031,2021-05-21,14.94,262.49,247.55,28.86
1032,2021-05-24,13.14,258.59,245.45,26.76
1033,2021-05-25,49.11,343.09,293.98,64.46
1034,2021-05-26,21.25,275.24,253.99,35.85
1035,2021-05-27,82.9,390.47,307.57,106.56
1036,2021-05-28,0.84,299.77,298.93,15.28
1037,2021-05-31,38.95,312.42,273.47,53.72
1038,2021-06-01,6.64,304.24,297.6,20.69
1039,2021-06-02,-31.78,259.65,291.43,-17.2
1040,2021-06-03,15.48,269.83,254.35,28.65
1041,2021-06-04,14.13,277.32,263.19,27.7
1042,2021-06-07,-28.47,240.99,269.46,-14.06
1043,2021-06-08,6.98,292.39,285.41,20.56
1044,2021-06-09,-0.35,250.1,250.45,11.63
1045,2021-06-10,27.29,292.1,264.81,41.98
1046,2021-06-11,-0.17,352.61,352.78,19.19
1047,2021-06-15,4.55,296.35,291.8,19.19
1048,2021-06-16,-2.06,284.78,286.84,11.64
1049,2021-06-17,29.47,285.22,255.75,42.98
1050,2021-06-18,7.79,341.09,333.3,26.63
1051,2021-06-21,-2.54,322.4,324.94,11.82
1052,2021-06-22,-9.53,290.68,300.21,3.96
1053,2021-06-23,31.89,337.02,305.13,46.78
1054,2021-06-24,4.95,291.87,286.92,18.42
1055,2021-06-25,65.48,350.14,284.66,81.7
1056,2021-06-28,-18.9,151.12,170.02,-15.57
1057,2021-06-29,-4.14,296.84,300.98,5.94
1058,2021-07-02,-25.52,343.17,368.69,-12.25
1059,2021-07-05,27.7,323.5,295.8,40.32
1060,2021-07-06,-8.17,342.33,350.5,5.6
1061,2021-07-07,37.68,357.37,319.69,52.97
1062,2021-07-08,-0.67,357.08,357.75,13.1
1063,2021-07-09,-3.21,352.15,355.36,11.62
1064,2021-07-12,35.65,394.99,359.34,54.18
1065,2021-07-13,9.14,373.63,364.49,26.44
1066,2021-07-14,-56.16,346.22,402.38,-39.21
1067,2021-07-15,37.98,369.0,331.02,54.31
1068,2021-07-16,-7.47,357.89,365.36,9.63
1069,2021-07-19,31.99,367.95,335.96,50.56
1070,2021-07-20,14.6,305.01,290.41,33.13
1071,2021-07-21,25.18,367.53,342.35,44.03
1072,2021-07-22,43.29,388.0,344.71,64.64
1073,2021-07-23,-51.52,368.53,420.05,-31.43
1074,2021-07-26,-71.52,419.54,491.06,-50.95
1075,2021-07-27,-7.07,467.94,475.01,13.68
1076,2021-07-28,56.24,492.21,435.97,78.36
1077,2021-07-29,60.55,465.13,404.58,82.8
1078,2021-07-30,3.41,430.33,426.92,27.73
1079,2021-08-02,20.91,473.79,452.88,45.18
1080,2021-08-03,6.13,422.68,416.55,28.69
1081,2021-08-04,38.01,405.76,367.75,62.36
1082,2021-08-05,5.9,380.55,374.65,28.52
1083,2021-08-06,6.14,359.1,352.96,28.02
1084,2021-08-09,23.54,379.63,356.09,45.68
1085,2021-08-10,4.25,379.22,374.97,27.54
1086,2021-08-11,-17.88,330.58,348.46,5.05
1087,2021-08-12,-1.08,338.5,339.58,21.59
1088,2021-08-13,-4.43,355.48,359.91,18.24
1089,2021-08-16,21.03,336.26,315.23,42.91
1090,2021-08-17,8.85,365.22,356.37,29.75
1091,2021-08-18,8.97,351.19,342.22,31.37
1092,2021-08-19,-47.9,339.58,387.48,-26.14
1093,2021-08-20,-45.8,378.21,424.01,-25.0
1094,2021-08-23,13.74,379.83,366.09,35.63
1095,2021-08-24,3.14,380.9,377.76,28.87
1096,2021-08-25,9.33,355.81,346.48,33.22
1097,2021-08-26,-5.8,354.86,360.66,17.67
1098,2021-08-27,25.24,349.7,324.46,48.6
1099,2021-08-30,20.0,428.85,408.85,42.72
1100,2021-08-31,32.25,449.81,417.56,59.36
1101,2021-09-01,16.13,471.56,455.43,30.45
1102,2021-09-02,6.71,408.23,401.52,31.68
1103,2021-09-03,28.75,443.26,414.51,52.04
1104,2021-09-06,27.2,442.38,415.18,50.67
1105,2021-09-07,24.75,363.17,338.42,48.68
1106,2021-09-08,12.66,390.29,377.63,37.56
1107,2021-09-09,1.92,359.21,357.29,24.34
1108,2021-09-10,29.95,399.56,369.61,52.62
1109,2021-09-13,-32.33,333.3,365.63,-9.07
1110,2021-09-14,-3.45,374.95,378.4,18.17
1111,2021-09-15,-3.86,349.36,353.22,20.54
1112,2021-09-16,-31.59,393.65,425.24,-11.19
1113,2021-09-23,-4.94,410.22,415.16,19.42
1114,2021-09-24,17.67,356.38,338.71,43.11
1115,2021-09-27,12.82,392.65,379.83,35.84
1116,2021-09-28,6.1,320.62,314.52,25.72
1117,2021-09-29,7.78,325.58,317.8,21.19
1118,2021-09-30,16.13,297.54,281.41,35.94
1119,2021-10-08,-22.15,365.46,387.61,-3.2
1120,2021-10-11,-17.69,285.18,302.87,0.18
1121,2021-10-12,-9.8,300.48,310.28,2.65
1122,2021-10-15,4.95,375.28,370.33,25.08
1123,2021-10-18,-18.08,295.18,313.26,1.98
1124,2021-10-19,21.51,291.73,270.22,40.26
1125,2021-10-20,24.48,293.07,268.59,44.48
1126,2021-10-21,44.46,292.89,248.43,63.75
1127,2021-10-22,59.69,308.79,249.1,78.57
1128,2021-10-25,-6.54,289.97,296.51,12.28
1129,2021-10-26,22.88,319.0,296.12,40.36
1130,2021-10-27,-38.89,309.17,348.06,-20.75
1131,2021-10-28,26.09,343.84,317.75,45.07
1132,2021-10-29,14.74,398.6,383.86,44.3
1133,2021-11-01,-6.5,353.75,360.25,12.9
1134,2021-11-02,10.17,342.1,331.93,29.29
1135,2021-11-03,13.44,303.45,290.01,32.61
1136,2021-11-04,12.45,301.77,289.32,32.63
1137,2021-11-05,13.95,298.71,284.76,33.22
1138,2021-11-08,-17.73,280.52,298.25,2.41
1139,2021-11-09,-1.62,253.32,254.94,19.41
1140,2021-11-10,-67.48,271.9,339.38,-47.93
1141,2021-11-11,43.18,304.61,261.43,64.0
1142,2021-11-12,36.94,297.09,260.15,57.73
1143,2021-11-15,28.47,315.66,287.19,50.76
1144,2021-11-16,42.63,319.19,276.56,63.71
1145,2021-11-17,7.94,261.35,253.41,28.79
1146,2021-11-18,-11.34,261.99,273.33,0.66
1147,2021-11-19,43.67,313.23,269.56,65.73
1148,2021-11-22,29.42,323.07,293.65,52.09
1149,2021-11-23,26.26,313.39,287.13,46.84
1150,2021-11-24,23.18,289.07,265.89,44.89
1151,2021-11-25,20.38,257.63,237.25,41.4
1152,2021-11-26,-12.44,251.99,264.43,8.53
1153,2021-11-29,27.04,318.39,291.35,50.32
1154,2021-11-30,-12.26,412.88,425.14,26.11
1155,2021-12-01,0.01,301.27,301.26,24.49
1156,2021-12-02,-9.27,289.14,298.41,12.35
1157,2021-12-03,29.94,300.43,270.49,53.85
1158,2021-12-06,-17.28,291.84,309.12,3.95
1159,2021-12-07,16.33,348.27,331.94,38.61
1160,2021-12-08,58.96,334.93,275.97,84.96
1161,2021-12-09,100.65,395.54,294.89,125.51
1162,2021-12-10,29.01,418.68,389.67,67.81
1163,2021-12-13,14.05,356.01,341.96,38.63
1164,2021-12-14,20.5,294.28,273.78,44.4
1165,2021-12-15,1.93,269.66,267.73,25.04
1166,2021-12-16,38.34,297.4,259.06,63.13
1167,2021-12-17,-29.68,347.15,376.83,-0.9
1168,2021-12-20,4.7,330.02,325.32,28.36
1169,2021-12-21,-22.2,279.42,301.62,1.65
1170,2021-12-22,-0.38,279.82,280.2,23.96
1171,2021-12-23,-5.53,266.84,272.37,10.37
1172,2021-12-28,2.93,307.7,304.77,25.78
1173,2021-12-29,4.75,272.99,268.24,27.93
1174,2021-12-30,45.61,284.19,238.58,70.21
1175,2021-12-31,25.44,266.95,241.51,48.09
1176,2022-01-04,14.01,390.48,376.47,38.52
1177,2022-01-05,1.27,384.88,383.61,24.7
1178,2022-01-06,-44.2,320.39,364.59,-19.98
1179,2022-01-07,22.43,346.68,324.25,46.05
1180,2022-01-10,18.44,346.79,328.35,42.82
1181,2022-01-11,-30.94,301.53,332.47,-8.57
1182,2022-01-12,22.34,348.89,326.55,47.49
1183,2022-01-13,-20.4,289.36,309.76,1.3
1184,2022-01-14,10.35,339.5,329.15,34.19
1185,2022-01-17,13.84,326.28,312.44,37.83
1186,2022-01-18,-19.6,308.54,328.14,2.83
1187,2022-01-19,8.91,329.8,320.89,33.33
1188,2022-01-20,47.4,359.31,311.91,70.2
1189,2022-01-21,44.07,347.26,303.19,67.85
1190,2022-01-24,13.39,292.56,279.17,36.37
1191,2022-01-25,-22.02,301.77,323.79,-2.45
1192,2022-01-26,13.01,289.61,276.6,34.4
1193,2022-01-27,-69.0,253.83,322.83,-48.21
1194,2022-01-28,-41.45,281.58,323.03,-21.99
1195,2022-02-07,-10.75,315.13,325.88,5.07
1196,2022-02-08,-29.31,300.69,330.0,-7.36
1197,2022-02-09,-4.99,288.89,293.88,16.78
1198,2022-02-10,-7.5,282.5,290.0,12.96
1199,2022-02-11,-13.54,296.28,309.82,4.56
1200,2022-02-14,-24.18,262.88,287.06,-4.63
1201,2022-02-15,-24.53,243.13,267.66,-3.88
1202,2022-02-16,-25.74,197.4,223.14,-4.82
1203,2022-02-17,0.84,232.64,231.8,21.4
1204,2022-02-18,18.12,218.43,200.31,39.5
1205,2022-02-21,-6.01,211.57,217.58,15.13
1206,2022-02-22,-30.98,225.98,256.96,-10.75
1207,2022-02-23,4.95,243.05,238.1,27.37
1208,2022-02-24,-10.02,309.05,319.07,13.81
1209,2022-02-25,30.62,276.26,245.64,52.0
1210,2022-02-28,3.39,252.89,249.5,31.18
1211,2022-03-01,4.7,245.14,240.44,22.33
1212,2022-03-02,-3.25,210.92,214.17,19.29
1213,2022-03-03,-15.31,216.99,232.3,5.7
1214,2022-03-04,2.86,266.69,263.83,23.65
1215,2022-03-07,-29.86,277.05,306.91,-11.68
1216,2022-03-08,-55.48,302.71,358.19,-38.27
1217,2022-03-09,-56.52,314.94,371.46,-35.25
1218,2022-03-10,-22.56,276.36,298.92,-1.4
1219,2022-03-11,-19.0,287.85,306.85,3.67
1220,2022-03-14,-71.41,239.23,310.64,-53.17
1221,2022-03-15,-71.61,313.18,384.79,-56.95
1222,2022-03-16,-0.86,355.19,356.05,22.14
1223,2022-03-17,48.73,386.76,338.03,69.55
1224,2022-03-18,1.64,335.58,333.94,35.5
1225,2022-03-21,-34.66,233.05,267.71,-13.56
1226,2022-03-22,-5.65,215.87,221.52,14.59
1227,2022-03-23,12.97,216.7,203.73,32.29
1228,2022-03-24,-13.33,197.37,210.7,5.4
1229,2022-03-25,-23.41,199.87,223.28,-5.69
1230,2022-03-28,21.64,224.1,202.46,41.0
1231,2022-03-29,-4.18,213.39,217.57,13.07
1232,2022-03-30,63.74,268.81,205.07,86.29
1233,2022-03-31,-6.76,222.15,228.91,14.35
1234,2022-04-01,27.32,228.09,200.77,47.99
1235,2022-04-06,-28.11,218.82,246.93,-7.94
1236,2022-04-07,-12.47,222.69,235.16,3.78
1237,2022-04-08,-16.9,210.99,227.89,3.09
1238,2022-04-11,-27.32,234.47,261.79,-11.5
1239,2022-04-12,49.1,276.66,227.56,65.81
1240,2022-04-13,-8.87,221.49,230.36,4.01
1241,2022-04-19,3.21,260.63,257.42,22.72
1242,2022-04-20,-20.01,239.67,259.68,-4.81
1243,2022-04-21,2.99,255.94,252.95,17.86
1244,2022-04-22,31.54,272.58,241.04,49.71
1245,2022-04-25,4.5,289.43,284.93,16.8
1246,2022-04-26,18.21,294.35,276.14,31.26
