,date,open,close,high,low,volume,volume_value,amplitude,volatility_ratio,volatility_price,change_rate
0,2021-02-04,0.98,0.968,0.991,0.951,1587134,154098109.0,0.0,0.0,0.0,1.86
1,2021-02-05,0.975,0.953,0.993,0.949,1929955,187187129.0,4.55,-1.55,-0.015,2.26
2,2021-02-08,0.951,0.962,0.963,0.92,1181278,111560429.0,4.51,0.94,0.009,1.38
3,2021-02-09,0.962,0.997,0.999,0.962,1441479,142511148.0,3.85,3.64,0.035,1.69
4,2021-02-10,1.0,1.015,1.02,0.989,2734522,275949056.0,3.11,1.81,0.018,3.2
5,2021-02-18,1.045,1.005,1.047,0.992,1812204,183132988.0,5.42,-0.99,-0.01,2.12
6,2021-02-19,0.993,0.99,1.0,0.96,1857902,181670106.0,3.98,-1.49,-0.015,2.18
7,2021-02-22,0.988,0.971,1.01,0.971,1637359,162027504.0,3.94,-1.92,-0.019,1.92
8,2021-02-23,0.97,0.965,0.975,0.948,1119688,107846773.0,2.78,-0.62,-0.006,1.31
9,2021-02-24,0.961,0.918,0.967,0.907,2682099,249837494.0,6.22,-4.87,-0.047,3.14
10,2021-02-25,0.93,0.909,0.936,0.903,1282909,117489985.0,3.59,-0.98,-0.009,1.5
11,2021-02-26,0.893,0.893,0.899,0.87,1335074,118342460.0,3.19,-1.76,-0.016,1.56
12,2021-03-01,0.902,0.923,0.928,0.902,1076167,98642338.0,2.91,3.36,0.03,1.26
13,2021-03-02,0.93,0.92,0.935,0.908,1075153,99254314.0,2.93,-0.33,-0.003,1.26
14,2021-03-03,0.915,0.922,0.922,0.899,902242,82131675.0,2.5,0.22,0.002,1.06
15,2021-03-04,0.915,0.862,0.915,0.858,2884824,252578435.0,6.18,-6.51,-0.06,3.38
16,2021-03-05,0.842,0.861,0.87,0.834,1118466,95437925.0,4.18,-0.12,-0.001,1.31
17,2021-03-08,0.864,0.814,0.87,0.813,1383493,116072708.0,6.62,-5.46,-0.047,1.62
18,2021-03-09,0.812,0.797,0.825,0.775,1237786,99196308.0,6.14,-2.09,-0.017,1.45
19,2021-03-10,0.818,0.808,0.827,0.804,930252,75795748.0,2.89,1.38,0.011,1.09
20,2021-03-11,0.81,0.836,0.839,0.805,1249107,103356098.0,4.21,3.47,0.028,1.46
21,2021-03-12,0.843,0.849,0.855,0.831,1051160,88811464.0,2.87,1.56,0.013,1.23
22,2021-03-15,0.849,0.818,0.85,0.808,965807,79425532.0,4.95,-3.65,-0.031,1.13
23,2021-03-16,0.816,0.82,0.826,0.804,645402,52734405.0,2.69,0.24,0.002,0.76
24,2021-03-17,0.819,0.833,0.835,0.803,746144,61602253.0,3.9,1.59,0.013,0.87
25,2021-03-18,0.833,0.843,0.846,0.832,637039,53534410.0,1.68,1.2,0.01,0.75
26,2021-03-19,0.825,0.817,0.831,0.81,822718,67414254.0,2.49,-3.08,-0.026,0.96
27,2021-03-22,0.815,0.829,0.835,0.815,651115,53901185.0,2.45,1.47,0.012,0.76
28,2021-03-23,0.829,0.805,0.829,0.798,1254544,101230207.0,3.74,-2.9,-0.024,1.47
29,2021-03-24,0.8,0.789,0.809,0.784,891716,70584546.0,3.11,-1.99,-0.016,1.04
30,2021-03-25,0.781,0.79,0.794,0.772,643425,50384184.0,2.79,0.13,0.001,0.75
31,2021-03-26,0.794,0.826,0.829,0.791,1727207,140951697.0,4.81,4.56,0.036,2.02
32,2021-03-29,0.824,0.819,0.827,0.814,663494,54532651.0,1.57,-0.85,-0.007,0.78
33,2021-03-30,0.816,0.835,0.837,0.811,895985,74283156.0,3.17,1.95,0.016,1.05
34,2021-03-31,0.835,0.833,0.837,0.822,734341,60913446.0,1.8,-0.24,-0.002,0.86
35,2021-04-01,0.834,0.841,0.852,0.834,817085,68889851.0,2.16,0.96,0.008,0.96
36,2021-04-02,0.842,0.844,0.85,0.833,544446,45861762.0,2.02,0.36,0.003,0.64
37,2021-04-06,0.847,0.856,0.864,0.845,764276,65372215.0,2.25,1.42,0.012,0.9
38,2021-04-07,0.86,0.843,0.86,0.834,595353,50087888.0,3.04,-1.52,-0.013,0.7
39,2021-04-08,0.836,0.837,0.84,0.828,430094,35937491.0,1.42,-0.71,-0.006,0.5
40,2021-04-09,0.839,0.821,0.839,0.818,617503,50912010.0,2.51,-1.91,-0.016,0.72
41,2021-04-12,0.821,0.8,0.825,0.794,870928,70032346.0,3.78,-2.56,-0.021,1.02
42,2021-04-13,0.8,0.802,0.81,0.794,589671,47269864.0,2.0,0.25,0.002,0.69
43,2021-04-14,0.806,0.826,0.827,0.803,834002,68217346.0,2.99,2.99,0.024,0.98
44,2021-04-15,0.821,0.826,0.83,0.814,511330,42066363.0,1.94,0.0,0.0,0.6
45,2021-04-16,0.826,0.823,0.828,0.807,685631,55994864.0,2.54,-0.36,-0.003,0.8
46,2021-04-19,0.823,0.861,0.863,0.818,1719438,146226783.0,5.47,4.62,0.038,2.01
47,2021-04-20,0.86,0.864,0.878,0.852,1192140,103513934.0,3.02,0.35,0.003,1.4
48,2021-04-21,0.859,0.861,0.869,0.85,597482,51378673.0,2.2,-0.35,-0.003,0.7
49,2021-04-22,0.868,0.864,0.874,0.854,592952,51326985.0,2.32,0.35,0.003,0.69
50,2021-04-23,0.865,0.879,0.882,0.861,746914,65426780.0,2.43,1.74,0.015,0.87
51,2021-04-26,0.879,0.866,0.896,0.864,966115,85116902.0,3.64,-1.48,-0.013,1.13
52,2021-04-27,0.867,0.861,0.871,0.849,786643,67483609.0,2.54,-0.58,-0.005,0.92
53,2021-04-28,0.858,0.88,0.884,0.858,876502,76556137.0,3.02,2.21,0.019,1.03
54,2021-04-29,0.881,0.882,0.885,0.87,620870,54586787.0,1.7,0.23,0.002,0.73
55,2021-04-30,0.882,0.906,0.91,0.877,1651119,148565332.0,3.74,2.72,0.024,1.93
56,2021-05-06,0.905,0.901,0.914,0.884,1170407,105360910.0,3.31,-0.55,-0.005,1.37
57,2021-05-07,0.898,0.881,0.91,0.878,896997,80048161.0,3.55,-2.22,-0.02,1.05
58,2021-05-10,0.88,0.889,0.892,0.866,715043,63189942.0,2.95,0.91,0.008,0.84
59,2021-05-11,0.881,0.876,0.881,0.855,936885,81247239.0,2.92,-1.46,-0.013,1.1
60,2021-05-12,0.87,0.875,0.879,0.865,730345,63745020.0,1.6,-0.11,-0.001,0.86
61,2021-05-13,0.865,0.856,0.866,0.854,853728,73237847.0,1.37,-2.17,-0.019,1.0
62,2021-05-14,0.856,0.873,0.875,0.847,793513,68486373.0,3.27,1.99,0.017,0.93
63,2021-05-17,0.874,0.902,0.905,0.871,1481877,132842591.0,3.89,3.32,0.029,1.74
64,2021-05-18,0.902,0.901,0.91,0.897,701376,63253238.0,1.44,-0.11,-0.001,0.82
65,2021-05-19,0.902,0.921,0.925,0.892,1288729,118019878.0,3.66,2.22,0.02,1.51
66,2021-05-20,0.919,0.919,0.928,0.911,910636,83697612.0,1.85,-0.22,-0.002,1.07
67,2021-05-21,0.929,0.922,0.939,0.913,897927,83113393.0,2.83,0.33,0.003,1.05
68,2021-05-24,0.926,0.926,0.927,0.912,788384,72615205.0,1.63,0.43,0.004,0.92
69,2021-05-25,0.926,0.935,0.936,0.917,886633,82301250.0,2.05,0.97,0.009,1.04
70,2021-05-26,0.934,0.924,0.936,0.921,774609,71800988.0,1.6,-1.18,-0.011,0.91
71,2021-05-27,0.927,0.926,0.929,0.919,642113,59376539.0,1.08,0.22,0.002,0.75
72,2021-05-28,0.927,0.954,0.971,0.925,2281005,218668348.0,4.97,3.02,0.028,2.67
73,2021-05-31,0.96,0.997,1.001,0.959,2112591,208696969.0,4.4,4.51,0.043,2.47
74,2021-06-01,0.996,0.991,0.997,0.973,1176352,116029769.0,2.41,-0.6,-0.006,1.38
75,2021-06-02,0.995,0.984,1.006,0.977,1144245,113452113.0,2.93,-0.71,-0.007,1.34
76,2021-06-03,0.984,0.968,0.987,0.961,826871,80418625.0,2.64,-1.63,-0.016,0.97
77,2021-06-04,0.964,0.982,0.995,0.956,1184665,116459423.0,4.03,1.45,0.014,1.39
78,2021-06-07,0.977,0.966,0.98,0.955,1046125,101024699.0,2.55,-1.63,-0.016,1.23
79,2021-06-08,0.964,0.957,0.985,0.949,1040211,100127124.0,3.73,-0.93,-0.009,1.22
80,2021-06-09,0.956,0.962,0.964,0.95,563369,53998063.0,1.46,0.52,0.005,0.66
81,2021-06-10,0.965,1.003,1.01,0.963,2626035,261929418.0,4.89,4.26,0.041,3.08
82,2021-06-11,1.011,1.021,1.031,1.0,2211018,225502157.0,3.09,1.79,0.018,2.59
83,2021-06-15,1.024,1.011,1.033,0.999,1057481,107063931.0,3.33,-0.98,-0.01,1.24
84,2021-06-16,1.002,0.959,1.003,0.952,1802612,174955465.0,5.04,-5.14,-0.052,2.11
85,2021-06-17,0.959,0.976,0.977,0.955,703940,68281266.0,2.29,1.77,0.017,0.82
86,2021-06-18,0.981,1.011,1.019,0.978,1573653,157822632.0,4.2,3.59,0.035,1.84
87,2021-06-21,1.011,1.025,1.038,1.0,1732652,177611870.0,3.76,1.38,0.014,2.03
88,2021-06-22,1.028,1.028,1.036,1.01,998746,102364852.0,2.54,0.29,0.003,1.17
89,2021-06-23,1.031,1.051,1.061,1.031,1922348,201900429.0,2.92,2.24,0.023,2.25
90,2021-06-24,1.061,1.059,1.067,1.041,1164272,123227741.0,2.47,0.76,0.008,1.36
91,2021-06-25,1.061,1.074,1.078,1.056,1299250,138766544.0,2.08,1.42,0.015,1.52
92,2021-06-28,1.074,1.091,1.1,1.074,1351689,147619900.0,2.42,1.58,0.017,1.58
93,2021-06-29,1.102,1.106,1.118,1.097,1488610,164725574.0,1.92,1.37,0.015,1.74
94,2021-06-30,1.105,1.129,1.13,1.09,1493194,166812666.0,3.62,2.08,0.023,1.75
95,2021-07-01,1.13,1.101,1.134,1.096,1357264,150599804.0,3.37,-2.48,-0.028,1.59
96,2021-07-02,1.093,1.093,1.113,1.082,1184612,129811930.0,2.82,-0.73,-0.008,1.39
97,2021-07-05,1.088,1.116,1.12,1.086,1076675,119050671.0,3.11,2.1,0.023,1.26
98,2021-07-06,1.118,1.104,1.139,1.084,1427824,158578450.0,4.93,-1.08,-0.012,1.67
99,2021-07-07,1.093,1.172,1.173,1.084,2144906,245361547.0,8.06,6.16,0.068,2.51
100,2021-07-08,1.18,1.203,1.215,1.18,1777196,213434401.0,2.99,2.65,0.031,2.08
101,2021-07-09,1.185,1.217,1.225,1.17,1750341,208987180.0,4.57,1.16,0.014,2.05
102,2021-07-12,1.231,1.262,1.275,1.231,1838936,230326744.0,3.62,3.7,0.045,2.15
103,2021-07-13,1.263,1.265,1.269,1.241,1381305,173576093.0,2.22,0.24,0.003,1.62
104,2021-07-14,1.257,1.223,1.257,1.215,1730093,213244774.0,3.32,-3.32,-0.042,2.03
105,2021-07-15,1.207,1.264,1.265,1.207,1700419,211026728.0,4.74,3.35,0.041,1.99
106,2021-07-16,1.261,1.228,1.276,1.223,1477978,184523941.0,4.19,-2.85,-0.036,1.73
107,2021-07-19,1.219,1.207,1.25,1.197,1429719,174224070.0,4.32,-1.71,-0.021,1.67
108,2021-07-20,1.197,1.224,1.227,1.19,1019058,123959707.0,3.07,1.41,0.017,1.19
109,2021-07-21,1.23,1.284,1.289,1.23,1827859,231357188.0,4.82,4.9,0.06,2.14
110,2021-07-22,1.292,1.307,1.307,1.275,1582811,204201492.0,2.49,1.79,0.023,1.85
111,2021-07-23,1.303,1.297,1.339,1.288,1550836,202948769.0,3.9,-0.77,-0.01,1.82
112,2021-07-26,1.296,1.29,1.309,1.24,1654195,211876388.0,5.32,-0.54,-0.007,1.94
113,2021-07-27,1.29,1.209,1.315,1.203,2601741,328109664.0,8.68,-6.28,-0.081,3.05
114,2021-07-28,1.194,1.204,1.232,1.157,2042312,245005860.0,6.2,-0.41,-0.005,2.39
115,2021-07-29,1.244,1.291,1.295,1.23,2152287,272028880.0,5.4,7.23,0.087,2.52
116,2021-07-30,1.292,1.309,1.327,1.281,2548219,332390992.0,3.56,1.39,0.018,2.98
117,2021-08-02,1.318,1.317,1.352,1.278,2955786,389294960.0,5.65,0.61,0.008,3.46
118,2021-08-03,1.312,1.26,1.314,1.247,2320138,294502752.0,5.09,-4.33,-0.057,2.72
119,2021-08-04,1.248,1.347,1.349,1.248,3108816,409281280.0,8.02,6.9,0.087,3.64
120,2021-08-05,1.348,1.353,1.363,1.319,1582284,212347254.0,3.27,0.45,0.006,1.85
121,2021-08-06,1.373,1.376,1.404,1.356,1791431,246826021.0,3.55,1.7,0.023,2.1
122,2021-08-09,1.37,1.334,1.37,1.297,2558623,337360848.0,5.31,-3.05,-0.042,3.0
123,2021-08-10,1.328,1.325,1.358,1.292,2128277,281862928.0,4.95,-0.67,-0.009,2.49
124,2021-08-11,1.326,1.338,1.348,1.304,1870096,248806110.0,3.32,0.98,0.013,2.19
125,2021-08-12,1.333,1.336,1.343,1.308,1306602,173183949.0,2.62,-0.15,-0.002,1.53
126,2021-08-13,1.31,1.322,1.366,1.309,1431738,191140705.0,4.27,-1.05,-0.014,1.68
127,2021-08-16,1.303,1.281,1.314,1.273,1615945,207826143.0,3.1,-3.1,-0.041,1.89
128,2021-08-17,1.275,1.279,1.306,1.261,1593643,204961067.0,3.51,-0.16,-0.002,1.87
129,2021-08-18,1.275,1.265,1.297,1.255,1481541,188308303.0,3.28,-1.09,-0.014,1.74
130,2021-08-19,1.272,1.296,1.313,1.244,1839878,235351410.0,5.45,2.45,0.031,2.15
131,2021-08-20,1.29,1.296,1.316,1.274,1256409,162557396.0,3.24,0.0,0.0,1.47
132,2021-08-23,1.304,1.331,1.333,1.285,2472042,325697824.0,3.7,2.7,0.035,2.9
133,2021-08-24,1.332,1.359,1.384,1.329,2549221,347213696.0,4.13,2.1,0.028,2.99
134,2021-08-25,1.36,1.389,1.392,1.34,1716416,234616463.0,3.83,2.21,0.03,2.01
135,2021-08-26,1.391,1.371,1.409,1.369,1368789,190010673.0,2.88,-1.3,-0.018,1.6
136,2021-08-27,1.365,1.396,1.404,1.361,1159586,160857610.0,3.14,1.82,0.025,1.36
137,2021-08-30,1.397,1.445,1.472,1.397,1793715,258473051.0,5.37,3.51,0.049,2.1
138,2021-08-31,1.44,1.426,1.443,1.408,1440937,204743464.0,2.42,-1.31,-0.019,1.69
139,2021-09-01,1.427,1.351,1.432,1.327,2346172,320821632.0,7.36,-5.26,-0.075,2.75
140,2021-09-02,1.343,1.391,1.394,1.342,1365721,188198470.0,3.85,2.96,0.04,1.6
141,2021-09-03,1.392,1.344,1.414,1.33,1696880,232397912.0,6.04,-3.38,-0.047,1.99
142,2021-09-06,1.342,1.359,1.36,1.3,1928921,257270973.0,4.46,1.12,0.015,2.26
143,2021-09-07,1.355,1.393,1.396,1.346,1615795,222744610.0,3.68,2.5,0.034,1.89
144,2021-09-08,1.392,1.37,1.41,1.362,1210240,167424733.0,3.45,-1.65,-0.023,1.42
145,2021-09-09,1.37,1.371,1.383,1.342,1402585,191091528.0,2.99,0.07,0.001,1.64
146,2021-09-10,1.369,1.385,1.389,1.352,1310921,179708202.0,2.7,1.02,0.014,1.54
147,2021-09-13,1.383,1.361,1.391,1.35,1275274,174068181.0,2.96,-1.73,-0.024,1.49
148,2021-09-14,1.363,1.381,1.402,1.335,1480130,204259003.0,4.92,1.47,0.02,1.73
149,2021-09-15,1.385,1.413,1.415,1.376,1490184,208940749.0,2.82,2.32,0.032,1.75
150,2021-09-16,1.413,1.346,1.43,1.34,2162916,294849616.0,6.37,-4.74,-0.067,2.53
151,2021-09-17,1.332,1.346,1.362,1.308,1528923,204415140.0,4.01,0.0,0.0,1.79
152,2021-09-22,1.328,1.355,1.364,1.32,874252,118342060.0,3.27,0.67,0.009,1.02
153,2021-09-23,1.365,1.356,1.377,1.353,963567,131142259.0,1.77,0.07,0.001,1.13
154,2021-09-24,1.353,1.371,1.396,1.332,1120278,153472386.0,4.72,1.11,0.015,1.31
155,2021-09-27,1.376,1.345,1.388,1.317,1094152,147583510.0,5.18,-1.9,-0.026,1.28
156,2021-09-28,1.334,1.328,1.358,1.321,944425,126248187.0,2.75,-1.26,-0.017,1.11
157,2021-09-29,1.315,1.307,1.338,1.298,1004200,132193195.0,3.01,-1.58,-0.021,1.18
158,2021-09-30,1.312,1.348,1.35,1.306,949172,126719917.0,3.37,3.14,0.041,1.11
159,2021-10-08,1.366,1.316,1.375,1.304,1261724,167047785.0,5.27,-2.37,-0.032,1.48
160,2021-10-11,1.315,1.302,1.323,1.285,918582,119891058.0,2.89,-1.06,-0.014,1.08
161,2021-10-12,1.298,1.275,1.306,1.258,1073353,137454664.0,3.69,-2.07,-0.027,1.26
162,2021-10-13,1.275,1.321,1.324,1.275,1204066,157156059.0,3.84,3.61,0.046,1.41
163,2021-10-14,1.32,1.34,1.355,1.31,1044099,139944703.0,3.41,1.44,0.019,1.22
164,2021-10-15,1.34,1.374,1.379,1.325,1172168,159513829.0,4.03,2.54,0.034,1.37
165,2021-10-18,1.381,1.411,1.412,1.375,1260714,175837664.0,2.69,2.69,0.037,1.48
166,2021-10-19,1.412,1.413,1.427,1.4,905387,127815979.0,1.91,0.14,0.002,1.06
167,2021-10-20,1.409,1.436,1.457,1.401,1192607,172148553.0,3.96,1.63,0.023,1.4
168,2021-10-21,1.431,1.417,1.436,1.405,839130,119038558.0,2.16,-1.32,-0.019,0.98
169,2021-10-22,1.418,1.395,1.424,1.391,908718,127620805.0,2.33,-1.55,-0.022,1.06
170,2021-10-25,1.41,1.452,1.454,1.401,1275595,183399449.0,3.8,4.09,0.057,1.49
171,2021-10-26,1.473,1.445,1.476,1.441,1137844,166149285.0,2.41,-0.48,-0.007,1.33
172,2021-10-27,1.452,1.481,1.483,1.445,1582892,233155253.0,2.63,2.49,0.036,1.85
173,2021-10-28,1.478,1.461,1.498,1.453,1328771,195709042.0,3.04,-1.35,-0.02,1.56
174,2021-10-29,1.457,1.49,1.495,1.419,1636066,238323200.0,5.2,1.98,0.029,1.92
175,2021-11-01,1.488,1.478,1.51,1.46,1687572,251248848.0,3.36,-0.81,-0.012,1.98
176,2021-11-02,1.474,1.469,1.494,1.451,1465869,215810976.0,2.91,-0.61,-0.009,1.72
177,2021-11-03,1.455,1.434,1.465,1.415,1501157,215338308.0,3.4,-2.38,-0.035,1.76
178,2021-11-04,1.441,1.462,1.475,1.44,1351053,197368242.0,2.44,1.95,0.028,1.58
179,2021-11-05,1.453,1.436,1.466,1.434,1102233,159662209.0,2.19,-1.78,-0.026,1.29
180,2021-11-08,1.432,1.478,1.482,1.43,1421976,208513125.0,3.62,2.92,0.042,1.67
181,2021-11-09,1.496,1.489,1.505,1.475,1056513,157321550.0,2.03,0.74,0.011,1.24
182,2021-11-10,1.474,1.466,1.479,1.436,1711341,249221295.0,2.89,-1.54,-0.023,2.0
183,2021-11-11,1.467,1.467,1.482,1.452,1163638,170237542.0,2.05,0.07,0.001,1.36
184,2021-11-12,1.471,1.47,1.477,1.458,907822,133333920.0,1.3,0.2,0.003,1.06
185,2021-11-15,1.47,1.42,1.47,1.411,1996344,284723280.0,4.01,-3.4,-0.05,2.34
186,2021-11-16,1.414,1.396,1.422,1.391,1418320,199122408.0,2.18,-1.69,-0.024,1.66
187,2021-11-17,1.4,1.431,1.434,1.4,1290210,183241097.0,2.44,2.51,0.035,1.51
188,2021-11-18,1.431,1.431,1.442,1.407,1131219,161385763.0,2.45,0.0,0.0,1.32
189,2021-11-19,1.427,1.447,1.45,1.422,1031016,148234261.0,1.96,1.12,0.016,1.21
190,2021-11-22,1.453,1.499,1.5,1.453,1735855,257853957.0,3.25,3.59,0.052,2.03
191,2021-11-23,1.5,1.494,1.502,1.485,789201,117833499.0,1.13,-0.33,-0.005,0.92
192,2021-11-24,1.489,1.459,1.496,1.456,1581762,232150484.0,2.68,-2.34,-0.035,1.85
193,2021-11-25,1.458,1.443,1.459,1.436,1168032,168625890.0,1.58,-1.1,-0.016,1.37
194,2021-11-26,1.436,1.46,1.469,1.436,1059333,154528706.0,2.29,1.18,0.017,1.24
195,2021-11-29,1.436,1.485,1.493,1.433,1257271,185883164.0,4.11,1.71,0.025,1.47
196,2021-11-30,1.492,1.486,1.498,1.474,867858,129008951.0,1.62,0.07,0.001,1.02
197,2021-12-01,1.48,1.474,1.493,1.458,883685,129905106.0,2.36,-0.81,-0.012,1.03
198,2021-12-02,1.468,1.468,1.478,1.457,803824,117759141.0,1.42,-0.41,-0.006,0.94
199,2021-12-03,1.467,1.468,1.469,1.45,893229,130457158.0,1.29,0.0,0.0,1.05
200,2021-12-06,1.46,1.437,1.473,1.435,1537436,223105330.0,2.59,-2.11,-0.031,1.8
201,2021-12-07,1.441,1.41,1.448,1.392,1747375,246233423.0,3.9,-1.88,-0.027,2.05
202,2021-12-08,1.414,1.434,1.437,1.413,1008509,144025317.0,1.7,1.7,0.024,1.18
203,2021-12-09,1.433,1.429,1.436,1.418,798880,113966068.0,1.26,-0.35,-0.005,0.94
204,2021-12-10,1.42,1.452,1.456,1.416,1166931,168424940.0,2.8,1.61,0.023,1.37
205,2021-12-13,1.449,1.45,1.456,1.436,821625,118883326.0,1.38,-0.14,-0.002,0.96
206,2021-12-14,1.443,1.434,1.449,1.43,784024,112589143.0,1.31,-1.1,-0.016,0.92
207,2021-12-15,1.431,1.428,1.446,1.424,717400,102818294.0,1.53,-0.42,-0.006,0.84
208,2021-12-16,1.432,1.435,1.438,1.42,529580,75673075.0,1.26,0.49,0.007,0.62
209,2021-12-17,1.43,1.4,1.431,1.396,1263059,177898184.0,2.44,-2.44,-0.035,1.48
210,2021-12-20,1.395,1.335,1.396,1.331,1795848,242965502.0,4.64,-4.64,-0.065,2.1
211,2021-12-21,1.334,1.341,1.348,1.314,1030967,137090998.0,2.55,0.45,0.006,1.21
212,2021-12-22,1.343,1.343,1.35,1.336,609332,81888754.0,1.04,0.15,0.002,0.71
213,2021-12-23,1.35,1.351,1.358,1.338,670935,90572198.0,1.49,0.6,0.008,0.79
214,2021-12-24,1.352,1.3,1.355,1.29,1781994,232855870.0,4.81,-3.77,-0.051,2.09
215,2021-12-27,1.294,1.297,1.317,1.285,1051830,137020972.0,2.46,-0.23,-0.003,1.23
216,2021-12-28,1.298,1.328,1.33,1.292,1057216,138356419.0,2.93,2.39,0.031,1.24
217,2021-12-29,1.325,1.324,1.34,1.317,595145,78986307.0,1.73,-0.3,-0.004,0.7
218,2021-12-30,1.324,1.327,1.34,1.321,626032,83298115.0,1.44,0.23,0.003,0.73
219,2021-12-31,1.34,1.357,1.366,1.34,1413126,192089358.0,1.96,2.26,0.03,1.66
220,2022-01-04,1.372,1.313,1.378,1.306,1138234,150635328.0,5.31,-3.24,-0.044,1.33
221,2022-01-05,1.31,1.259,1.312,1.257,2239370,284144224.0,4.19,-4.11,-0.054,2.62
222,2022-01-06,1.25,1.264,1.271,1.231,1597586,200577439.0,3.18,0.4,0.005,1.87
223,2022-01-07,1.264,1.235,1.27,1.226,1149767,142847889.0,3.48,-2.29,-0.029,1.35
224,2022-01-10,1.227,1.227,1.241,1.215,1032122,126800382.0,2.11,-0.65,-0.008,1.21
225,2022-01-11,1.225,1.213,1.24,1.209,911964,111196078.0,2.53,-1.14,-0.014,1.07
226,2022-01-12,1.229,1.261,1.262,1.229,1454556,181300662.0,2.72,3.96,0.048,1.7
227,2022-01-13,1.262,1.24,1.265,1.231,1018919,126780858.0,2.7,-1.67,-0.021,1.19
228,2022-01-14,1.23,1.254,1.262,1.227,1003066,125519443.0,2.82,1.13,0.014,1.17
229,2022-01-17,1.254,1.271,1.284,1.252,921944,117165342.0,2.55,1.36,0.017,1.08
230,2022-01-18,1.267,1.265,1.275,1.255,739458,93572770.0,1.57,-0.47,-0.006,0.87
231,2022-01-19,1.259,1.228,1.263,1.216,1261817,155487692.0,3.72,-2.92,-0.037,1.48
232,2022-01-20,1.225,1.219,1.236,1.215,778745,95305499.0,1.71,-0.73,-0.009,0.91
233,2022-01-21,1.215,1.221,1.235,1.204,811617,99109773.0,2.54,0.16,0.002,0.95
234,2022-01-24,1.211,1.249,1.257,1.205,1231173,152398917.0,4.26,2.29,0.028,1.44
235,2022-01-25,1.246,1.223,1.259,1.221,1191560,147766804.0,3.04,-2.08,-0.026,1.4
236,2022-01-26,1.231,1.243,1.245,1.22,997800,123384799.0,2.04,1.64,0.02,1.17
237,2022-01-27,1.235,1.207,1.248,1.204,1108837,136011540.0,3.54,-2.9,-0.036,1.3
238,2022-01-28,1.22,1.195,1.227,1.17,1133922,135954930.0,4.72,-0.99,-0.012,1.33
239,2022-02-07,1.22,1.209,1.239,1.201,1015339,123779220.0,3.18,1.17,0.014,1.19
240,2022-02-08,1.206,1.166,1.209,1.137,1373832,159826003.0,5.96,-3.56,-0.043,1.61
241,2022-02-09,1.161,1.172,1.176,1.141,1130783,131298300.0,3.0,0.51,0.006,1.32
242,2022-02-10,1.173,1.139,1.176,1.125,1435639,164157000.0,4.35,-2.82,-0.033,1.68
243,2022-02-11,1.128,1.114,1.146,1.111,1183981,133549333.0,3.07,-2.19,-0.025,1.39
244,2022-02-14,1.102,1.116,1.133,1.095,1051840,117665265.0,3.41,0.18,0.002,1.23
245,2022-02-15,1.12,1.163,1.164,1.117,1637431,187178453.0,4.21,4.21,0.047,1.92
246,2022-02-16,1.18,1.161,1.18,1.156,924962,107796147.0,2.06,-0.17,-0.002,1.08
247,2022-02-17,1.154,1.193,1.204,1.153,1550345,183567001.0,4.39,2.76,0.032,1.82
248,2022-02-18,1.179,1.182,1.191,1.173,946099,111618440.0,1.51,-0.92,-0.011,1.11
249,2022-02-21,1.181,1.176,1.186,1.163,814034,95497318.0,1.95,-0.51,-0.006,0.95
250,2022-02-22,1.17,1.185,1.19,1.161,969894,114091977.0,2.47,0.77,0.009,1.14
251,2022-02-23,1.183,1.225,1.226,1.183,1162283,141165598.0,3.63,3.38,0.04,1.36
252,2022-02-24,1.212,1.219,1.247,1.198,1367629,167358900.0,4.0,-0.49,-0.006,1.6
253,2022-02-25,1.235,1.243,1.257,1.23,1085843,135077158.0,2.21,1.97,0.024,1.27
254,2022-02-28,1.246,1.269,1.27,1.239,1511677,189759365.0,2.49,2.09,0.026,1.77
255,2022-03-01,1.285,1.269,1.295,1.255,1145527,145888254.0,3.15,0.0,0.0,1.34
256,2022-03-02,1.263,1.253,1.263,1.23,1236562,153898724.0,2.6,-1.26,-0.016,1.45
257,2022-03-03,1.257,1.234,1.259,1.228,1243259,154170024.0,2.47,-1.52,-0.019,1.46
258,2022-03-04,1.21,1.212,1.236,1.203,1279541,155998008.0,2.67,-1.78,-0.022,1.5
259,2022-03-07,1.2,1.171,1.2,1.167,1417922,167976226.0,2.72,-3.38,-0.041,1.66
260,2022-03-08,1.167,1.149,1.183,1.138,1267299,147352411.0,3.84,-1.88,-0.022,1.48
261,2022-03-09,1.155,1.148,1.162,1.094,1219669,139019588.0,5.92,-0.09,-0.001,1.43
262,2022-03-10,1.185,1.198,1.213,1.177,1589121,189889642.0,3.14,4.36,0.05,1.86
263,2022-03-11,1.174,1.189,1.19,1.148,1296651,152137492.0,3.51,-0.75,-0.009,1.52
264,2022-03-14,1.172,1.152,1.18,1.15,1012745,117850251.0,2.52,-3.11,-0.037,1.19
265,2022-03-15,1.135,1.13,1.175,1.123,1130153,129132752.0,4.51,-1.91,-0.022,1.32
266,2022-03-16,1.15,1.186,1.188,1.112,1452158,167526793.0,6.73,4.96,0.056,1.7
267,2022-03-17,1.199,1.194,1.218,1.19,1369209,165002864.0,2.36,0.67,0.008,1.6
268,2022-03-18,1.184,1.188,1.188,1.167,1079870,127133685.0,1.76,-0.5,-0.006,1.26
269,2022-03-21,1.189,1.199,1.214,1.184,950913,114178342.0,2.53,0.93,0.011,1.11
270,2022-03-22,1.192,1.181,1.201,1.173,1094164,129746594.0,2.34,-1.5,-0.018,1.28
271,2022-03-23,1.194,1.185,1.2,1.175,1100064,130640531.0,2.12,0.34,0.004,1.29
272,2022-03-24,1.172,1.167,1.176,1.147,1268560,147247175.0,2.45,-1.52,-0.018,1.49
273,2022-03-25,1.166,1.134,1.17,1.132,1211456,139265045.0,3.26,-2.83,-0.033,1.42
274,2022-03-28,1.122,1.114,1.131,1.106,1157635,129112898.0,2.2,-1.76,-0.02,1.36
275,2022-03-29,1.123,1.118,1.137,1.107,1249686,140143438.0,2.69,0.36,0.004,1.46
276,2022-03-30,1.125,1.159,1.16,1.121,1442580,165134151.0,3.49,3.67,0.041,1.69
277,2022-03-31,1.159,1.123,1.159,1.116,1400620,158003577.0,3.71,-3.11,-0.036,1.64
278,2022-04-01,1.114,1.127,1.142,1.11,1131458,127569577.0,2.85,0.36,0.004,1.33
279,2022-04-06,1.123,1.1,1.123,1.089,1612353,176847308.0,3.02,-2.4,-0.027,1.89
280,2022-04-07,1.088,1.081,1.097,1.075,1316132,142904558.0,2.0,-1.73,-0.019,1.54
281,2022-04-08,1.081,1.074,1.093,1.061,1905998,204965591.0,2.96,-0.65,-0.007,2.23
282,2022-04-11,1.06,1.012,1.06,1.011,1552665,159204417.0,4.56,-5.77,-0.062,1.82
283,2022-04-12,1.009,1.026,1.026,1.003,1254862,127466568.0,2.27,1.38,0.014,1.47
284,2022-04-13,1.019,1.016,1.034,1.006,1108245,113110067.0,2.73,-0.97,-0.01,1.3
285,2022-04-14,1.03,1.007,1.032,0.996,1522270,153323611.0,3.54,-0.89,-0.009,1.78
286,2022-04-15,0.997,0.992,0.999,0.972,1500237,147432777.0,2.68,-1.49,-0.015,1.76
287,2022-04-18,0.98,1.013,1.014,0.97,1370276,136670520.0,4.44,2.12,0.021,1.6
288,2022-04-19,1.013,1.014,1.034,1.008,1129019,115195411.0,2.57,0.1,0.001,1.32
289,2022-04-20,1.002,0.973,1.003,0.971,1412356,138912661.0,3.16,-4.04,-0.041,1.65
290,2022-04-21,0.961,0.929,0.975,0.925,1510595,143616944.0,5.14,-4.52,-0.044,1.77
291,2022-04-22,0.921,0.921,0.933,0.913,1198526,110600231.0,2.15,-0.86,-0.008,1.4
292,2022-04-25,0.899,0.854,0.902,0.852,1402729,123649170.0,5.43,-7.27,-0.067,1.64
293,2022-04-26,0.854,0.835,0.864,0.833,1501004,127815642.0,3.63,-2.22,-0.019,1.76
294,2022-04-27,0.82,0.919,0.919,0.82,2356730,204789137.0,11.86,10.06,0.084,2.76
295,2022-04-28,0.902,0.916,0.937,0.89,2037300,186929919.0,5.11,-0.33,-0.003,2.39
296,2022-04-29,0.919,0.958,0.961,0.91,2073344,193290733.0,5.57,4.59,0.042,2.43
297,2022-05-05,0.941,0.956,0.973,0.937,1953581,186376901.0,3.76,-0.21,-0.002,2.29
298,2022-05-06,0.93,0.936,0.954,0.92,1437783,135453162.0,3.56,-2.09,-0.02,1.68
299,2022-05-09,0.928,0.947,0.954,0.928,1094763,103394106.0,2.78,1.18,0.011,1.28
300,2022-05-10,0.928,0.973,0.982,0.925,1391024,133940781.0,6.02,2.75,0.026,1.63
301,2022-05-11,0.977,1.013,1.04,0.974,2275707,231297773.0,6.78,4.11,0.04,2.67
302,2022-05-12,1.004,1.009,1.015,0.997,1358843,136594544.0,1.78,-0.39,-0.004,1.59
303,2022-05-13,1.01,1.01,1.019,1.0,1106143,111341499.0,1.88,0.1,0.001,1.3
304,2022-05-16,1.014,1.0,1.033,0.998,1166125,117976488.0,3.47,-0.99,-0.01,1.37
305,2022-05-17,0.998,1.033,1.039,0.996,1696944,173333356.0,4.3,3.3,0.033,1.99
306,2022-05-18,1.038,1.043,1.051,1.03,2447195,254630972.0,2.03,0.97,0.01,2.87
307,2022-05-19,1.028,1.077,1.08,1.024,1714390,180696575.0,5.37,3.26,0.034,2.01
308,2022-05-20,1.088,1.09,1.095,1.067,1751366,189787159.0,2.6,1.21,0.013,2.05
309,2022-05-23,1.09,1.088,1.092,1.068,1368035,147852519.0,2.2,-0.18,-0.002,1.6
310,2022-05-24,1.083,1.05,1.09,1.045,1566691,168103175.0,4.14,-3.49,-0.038,1.83
311,2022-05-25,1.043,1.055,1.059,1.035,1458391,152920912.0,2.29,0.48,0.005,1.71
312,2022-05-26,1.056,1.057,1.072,1.036,1346312,142194006.0,3.41,0.19,0.002,1.58
313,2022-05-27,1.067,1.052,1.081,1.046,1296638,138070258.0,3.31,-0.47,-0.005,1.52
314,2022-05-30,1.058,1.066,1.068,1.052,1481752,157227523.0,1.52,1.33,0.014,1.74
315,2022-05-31,1.072,1.088,1.09,1.058,1600073,171762615.0,3.0,2.06,0.022,1.87
316,2022-06-01,1.087,1.092,1.1,1.071,1467677,159548577.0,2.67,0.37,0.004,1.72
317,2022-06-02,1.088,1.12,1.123,1.082,1820024,202374045.0,3.75,2.56,0.028,2.13
318,2022-06-06,1.121,1.179,1.191,1.121,2256595,262315236.0,6.25,5.27,0.059,2.64
319,2022-06-07,1.188,1.179,1.198,1.167,1535054,181603409.0,2.63,0.0,0.0,1.8
320,2022-06-08,1.179,1.182,1.192,1.151,1901860,222939989.0,3.48,0.25,0.003,2.23
321,2022-06-09,1.173,1.164,1.185,1.152,1542834,180746285.0,2.79,-1.52,-0.018,1.81
322,2022-06-10,1.15,1.195,1.197,1.15,1825808,214756745.0,4.04,2.66,0.031,2.14
323,2022-06-13,1.184,1.207,1.219,1.181,1814675,217971849.0,3.18,1.0,0.012,2.13
324,2022-06-14,1.192,1.198,1.2,1.157,1596647,188536098.0,3.56,-0.75,-0.009,1.87
325,2022-06-15,1.203,1.188,1.218,1.172,1842450,219694516.0,3.84,-0.83,-0.01,2.16
326,2022-06-16,1.189,1.204,1.218,1.189,1568921,189167843.0,2.44,1.35,0.016,1.84
327,2022-06-17,1.191,1.249,1.25,1.19,1956941,241577238.0,4.98,3.74,0.045,2.29
328,2022-06-20,1.262,1.273,1.291,1.256,2232503,284781440.0,2.8,1.92,0.024,2.61
329,2022-06-21,1.274,1.254,1.275,1.238,1958561,245771766.0,2.91,-1.49,-0.019,2.29
330,2022-06-22,1.253,1.264,1.289,1.253,1990160,252630528.0,2.87,0.8,0.01,2.33
331,2022-06-23,1.267,1.296,1.296,1.251,2199213,280683616.0,3.56,2.53,0.032,2.58
332,2022-06-24,1.301,1.324,1.328,1.297,1845799,241988714.0,2.39,2.16,0.028,2.16
333,2022-06-27,1.335,1.33,1.346,1.32,1793944,238896257.0,1.96,0.45,0.006,2.1
334,2022-06-28,1.328,1.354,1.355,1.312,1665809,221923791.0,3.23,1.8,0.024,1.95
335,2022-06-29,1.348,1.292,1.348,1.291,2328169,307733136.0,4.21,-4.58,-0.062,2.73
336,2022-06-30,1.292,1.326,1.339,1.291,2112475,278188768.0,3.72,2.63,0.034,2.47
337,2022-07-01,1.325,1.321,1.339,1.315,1723134,228551295.0,1.81,-0.38,-0.005,2.02
338,2022-07-04,1.32,1.347,1.349,1.301,1858154,247602360.0,3.63,1.97,0.026,2.18
339,2022-07-05,1.353,1.359,1.368,1.335,1468541,198799992.0,2.45,0.89,0.012,1.72
340,2022-07-06,1.351,1.353,1.371,1.332,1781946,241699756.0,2.87,-0.44,-0.006,2.09
341,2022-07-07,1.352,1.391,1.393,1.34,1958648,267763335.0,3.92,2.81,0.038,2.29
342,2022-07-08,1.399,1.351,1.405,1.35,2044597,281189328.0,3.95,-2.88,-0.04,2.39
343,2022-07-11,1.341,1.308,1.341,1.294,2150086,282256496.0,3.48,-3.18,-0.043,2.52
344,2022-07-12,1.308,1.29,1.329,1.283,1802399,235335187.0,3.52,-1.38,-0.018,2.11
345,2022-07-13,1.291,1.325,1.335,1.272,2207259,287912528.0,4.88,2.71,0.035,2.59
346,2022-07-14,1.322,1.362,1.371,1.315,1866234,251339877.0,4.23,2.79,0.037,2.19
347,2022-07-15,1.356,1.343,1.377,1.342,1843567,251326424.0,2.57,-1.4,-0.019,2.16
348,2022-07-18,1.345,1.35,1.356,1.314,1425258,190585809.0,3.13,0.52,0.007,1.67
349,2022-07-19,1.35,1.319,1.35,1.314,1598876,212551932.0,2.67,-2.3,-0.031,1.87
350,2022-07-20,1.322,1.324,1.337,1.316,1316612,174518041.0,1.59,0.38,0.005,1.54
351,2022-07-21,1.32,1.303,1.333,1.301,1299897,171300451.0,2.42,-1.59,-0.021,1.52
352,2022-07-22,1.31,1.307,1.324,1.292,1442913,188950971.0,2.46,0.31,0.004,1.69
353,2022-07-25,1.3,1.282,1.306,1.277,1584518,204438875.0,2.22,-1.91,-0.025,1.86
354,2022-07-26,1.28,1.296,1.315,1.277,1438502,186303991.0,2.96,1.09,0.014,1.68
355,2022-07-27,1.296,1.316,1.318,1.284,1386043,180852657.0,2.62,1.54,0.02,1.62
356,2022-07-28,1.324,1.305,1.329,1.299,1314786,172469950.0,2.28,-0.84,-0.011,1.54
357,2022-07-29,1.306,1.299,1.323,1.293,1297169,169577980.0,2.3,-0.46,-0.006,1.52
358,2022-08-01,1.291,1.325,1.327,1.274,1497344,194264164.0,4.08,2.0,0.026,1.75
359,2022-08-02,1.315,1.293,1.318,1.279,1687560,219047829.0,2.94,-2.42,-0.032,1.98
360,2022-08-03,1.294,1.255,1.316,1.247,1700263,218670719.0,5.34,-2.94,-0.038,1.99
361,2022-08-04,1.258,1.255,1.269,1.235,1445473,180968416.0,2.71,0.0,0.0,1.69
362,2022-08-05,1.256,1.264,1.268,1.242,1351824,169851727.0,2.07,0.72,0.009,1.58
363,2022-08-08,1.256,1.275,1.276,1.243,1332286,168025533.0,2.61,0.87,0.011,1.56
364,2022-08-09,1.275,1.301,1.313,1.266,1600720,207444634.0,3.69,2.04,0.026,1.87
365,2022-08-10,1.298,1.288,1.304,1.28,1496335,193149912.0,1.84,-1.0,-0.013,1.75
366,2022-08-11,1.289,1.298,1.3,1.265,1443768,185235103.0,2.72,0.78,0.01,1.69
367,2022-08-12,1.293,1.281,1.304,1.28,1097561,141834826.0,1.85,-1.31,-0.017,1.29
368,2022-08-15,1.281,1.32,1.332,1.281,1766894,232480496.0,3.98,3.04,0.039,2.07
369,2022-08-16,1.327,1.328,1.345,1.321,1421892,189633066.0,1.82,0.61,0.008,1.67
370,2022-08-17,1.329,1.335,1.34,1.32,1501945,200014330.0,1.51,0.53,0.007,1.76
371,2022-08-18,1.333,1.343,1.355,1.33,1340127,180515804.0,1.87,0.6,0.008,1.57
372,2022-08-19,1.342,1.304,1.344,1.302,1794615,236557353.0,3.13,-2.9,-0.039,2.1
373,2022-08-22,1.295,1.326,1.327,1.282,1704786,222656713.0,3.45,1.69,0.022,2.0
374,2022-08-23,1.32,1.336,1.348,1.318,1386829,185470147.0,2.26,0.75,0.01,1.62
375,2022-08-24,1.349,1.29,1.35,1.283,1745698,228744411.0,5.01,-3.44,-0.046,2.04
376,2022-08-25,1.289,1.261,1.295,1.243,1739734,220034905.0,4.03,-2.25,-0.029,2.04
377,2022-08-26,1.262,1.255,1.277,1.25,1521455,192037415.0,2.14,-0.48,-0.006,1.78
378,2022-08-29,1.235,1.254,1.26,1.229,1386393,173252327.0,2.47,-0.08,-0.001,1.62
379,2022-08-30,1.253,1.238,1.258,1.235,1236902,154082065.0,1.83,-1.28,-0.016,1.45
380,2022-08-31,1.235,1.186,1.24,1.18,1870660,225951132.0,4.85,-4.2,-0.052,2.19
381,2022-09-01,1.183,1.175,1.197,1.172,1329061,157395618.0,2.11,-0.93,-0.011,1.56
382,2022-09-02,1.179,1.164,1.182,1.153,1364045,158954126.0,2.47,-0.94,-0.011,1.6
383,2022-09-05,1.158,1.173,1.18,1.155,1155033,134976928.0,2.15,0.77,0.009,1.35
384,2022-09-06,1.176,1.205,1.209,1.153,1846184,217625847.0,4.77,2.73,0.032,2.16
385,2022-09-07,1.198,1.224,1.235,1.194,1451790,177022315.0,3.4,1.58,0.019,1.7
386,2022-09-08,1.22,1.207,1.227,1.203,1080210,131460521.0,1.96,-1.39,-0.017,1.27
387,2022-09-09,1.207,1.206,1.21,1.188,1222272,146572462.0,1.82,-0.08,-0.001,1.43
388,2022-09-13,1.211,1.204,1.216,1.189,1012471,121573616.0,2.24,-0.17,-0.002,1.19
389,2022-09-14,1.188,1.178,1.199,1.172,1441553,170645978.0,2.24,-2.16,-0.026,1.69
390,2022-09-15,1.181,1.12,1.187,1.107,2053307,234095558.0,6.79,-4.92,-0.058,2.4
391,2022-09-16,1.109,1.098,1.121,1.096,1587492,176116704.0,2.23,-1.96,-0.022,1.86
392,2022-09-19,1.09,1.096,1.113,1.089,1301010,143203451.0,2.19,-0.18,-0.002,1.52
393,2022-09-20,1.106,1.128,1.145,1.104,1557100,175284957.0,3.74,2.92,0.032,1.82
394,2022-09-21,1.12,1.121,1.132,1.109,1415882,158852738.0,2.04,-0.62,-0.007,1.66
395,2022-09-22,1.113,1.121,1.134,1.1,1194398,133753906.0,3.03,0.0,0.0,1.4
396,2022-09-23,1.117,1.109,1.133,1.094,1290740,143403459.0,3.48,-1.07,-0.012,1.51
397,2022-09-26,1.095,1.122,1.14,1.095,1598249,179037766.0,4.06,1.17,0.013,1.87
398,2022-09-27,1.122,1.128,1.135,1.109,1448473,162350370.0,2.32,0.53,0.006,1.7
399,2022-09-28,1.122,1.083,1.129,1.08,1498135,164727010.0,4.34,-3.99,-0.045,1.75
400,2022-09-29,1.09,1.098,1.108,1.08,1489867,162746824.0,2.59,1.39,0.015,1.74
401,2022-09-30,1.089,1.062,1.097,1.061,1580696,170451235.0,3.28,-3.28,-0.036,1.85
402,2022-10-10,1.057,1.038,1.073,1.034,1259316,132397003.0,3.67,-2.26,-0.024,1.47
403,2022-10-11,1.046,1.065,1.071,1.044,1308425,138844773.0,2.6,2.6,0.027,1.53
404,2022-10-12,1.065,1.105,1.105,1.04,1689038,180081084.0,6.1,3.76,0.04,1.98
405,2022-10-13,1.096,1.095,1.118,1.092,1804216,199482502.0,2.35,-0.9,-0.01,2.11
406,2022-10-14,1.11,1.132,1.142,1.09,1806850,200571465.0,4.75,3.38,0.037,2.12
407,2022-10-17,1.12,1.12,1.126,1.098,1591751,176679894.0,2.47,-1.06,-0.012,1.86
408,2022-10-18,1.127,1.122,1.136,1.114,1302193,146423284.0,1.96,0.18,0.002,1.53
409,2022-10-19,1.118,1.112,1.139,1.112,1299049,146385254.0,2.41,-0.89,-0.01,1.52
410,2022-10-20,1.099,1.083,1.104,1.071,1576210,170951892.0,2.97,-2.61,-0.029,1.85
411,2022-10-21,1.08,1.079,1.097,1.074,1197190,130036392.0,2.12,-0.37,-0.004,1.4
412,2022-10-24,1.084,1.067,1.096,1.054,1464247,158133132.0,3.89,-1.11,-0.012,1.71
413,2022-10-25,1.06,1.085,1.095,1.05,1436523,154127719.0,4.22,1.69,0.018,1.68
414,2022-10-26,1.09,1.098,1.108,1.076,1565767,170902703.0,2.95,1.2,0.013,1.83
415,2022-10-27,1.11,1.09,1.127,1.084,1399938,155278210.0,3.92,-0.73,-0.008,1.64
416,2022-10-28,1.078,1.046,1.081,1.04,1671083,177226743.0,3.76,-4.04,-0.044,1.96
417,2022-10-31,1.036,1.036,1.056,1.029,1359129,141552757.0,2.58,-0.96,-0.01,1.59
418,2022-11-01,1.036,1.079,1.08,1.036,1927523,204138873.0,4.25,4.15,0.043,2.26
419,2022-11-02,1.071,1.093,1.1,1.066,1452309,157118835.0,3.15,1.3,0.014,1.7
420,2022-11-03,1.083,1.096,1.111,1.083,1667565,183091936.0,2.56,0.27,0.003,1.95
421,2022-11-04,1.096,1.15,1.152,1.092,2259045,254855881.0,5.47,4.93,0.054,2.65
422,2022-11-07,1.15,1.15,1.162,1.141,1420718,163797035.0,1.83,0.0,0.0,1.66
423,2022-11-08,1.148,1.146,1.158,1.131,1027984,117565002.0,2.35,-0.35,-0.004,1.2
424,2022-11-09,1.146,1.122,1.148,1.12,1244115,140675983.0,2.44,-2.09,-0.024,1.46
425,2022-11-10,1.117,1.095,1.117,1.089,1556450,171302456.0,2.5,-2.41,-0.027,1.82
426,2022-11-11,1.135,1.107,1.139,1.1,1738681,194006406.0,3.56,1.1,0.012,2.04
427,2022-11-14,1.103,1.073,1.113,1.068,2180337,236996269.0,4.07,-3.07,-0.034,2.55
428,2022-11-15,1.072,1.098,1.099,1.068,1922027,207893851.0,2.89,2.33,0.025,2.25
429,2022-11-16,1.098,1.071,1.1,1.07,1888586,204391306.0,2.73,-2.46,-0.027,2.21
430,2022-11-17,1.065,1.056,1.069,1.043,2036922,214423118.0,2.43,-1.4,-0.015,2.39
431,2022-11-18,1.059,1.054,1.07,1.042,1746716,185126057.0,2.65,-0.19,-0.002,2.05
432,2022-11-21,1.049,1.065,1.068,1.045,1551224,164100040.0,2.18,1.04,0.011,1.82
433,2022-11-22,1.061,1.041,1.061,1.036,1754438,183358367.0,2.35,-2.25,-0.024,2.05
434,2022-11-23,1.038,1.061,1.063,1.03,1840056,192733482.0,3.17,1.92,0.02,2.16
435,2022-11-24,1.063,1.06,1.072,1.054,1682460,178700038.0,1.7,-0.09,-0.001,1.97
436,2022-11-25,1.055,1.035,1.055,1.033,1694501,176036579.0,2.08,-2.36,-0.025,1.98
437,2022-11-28,1.017,1.026,1.027,1.008,1516298,154280082.0,1.84,-0.87,-0.009,1.78
438,2022-11-29,1.024,1.029,1.036,1.018,1955928,201003400.0,1.75,0.29,0.003,2.29
439,2022-11-30,1.031,1.036,1.043,1.026,1748282,180675666.0,1.65,0.68,0.007,2.05
440,2022-12-01,1.052,1.056,1.065,1.05,1979369,209501071.0,1.45,1.93,0.02,2.32
441,2022-12-02,1.053,1.057,1.069,1.05,1237194,131323274.0,1.8,0.09,0.001,1.45
442,2022-12-05,1.059,1.041,1.06,1.035,2017991,210185841.0,2.37,-1.51,-0.016,2.36
443,2022-12-06,1.04,1.044,1.054,1.026,1737573,180511608.0,2.69,0.29,0.003,2.04
444,2022-12-07,1.038,1.057,1.069,1.036,2016916,213358608.0,3.16,1.25,0.013,2.36
445,2022-12-08,1.055,1.06,1.073,1.047,1382130,146921261.0,2.46,0.28,0.003,1.62
446,2022-12-09,1.059,1.056,1.063,1.05,1043724,110165176.0,1.23,-0.38,-0.004,1.22
447,2022-12-12,1.054,1.038,1.054,1.036,1203296,125377176.0,1.7,-1.7,-0.018,1.41
448,2022-12-13,1.037,1.02,1.044,1.018,1722852,176815936.0,2.5,-1.73,-0.018,2.02
449,2022-12-14,1.02,1.011,1.026,1.008,1275373,129413761.0,1.76,-0.88,-0.009,1.49
450,2022-12-15,1.009,1.032,1.033,1.005,1457515,148328643.0,2.77,2.08,0.021,1.71
451,2022-12-16,1.023,1.006,1.028,1.003,1392463,140999857.0,2.42,-2.52,-0.026,1.63
452,2022-12-19,1.007,1.012,1.032,1.007,1549022,158028599.0,2.49,0.6,0.006,1.81
453,2022-12-20,1.008,1.001,1.012,0.997,1242613,124468030.0,1.48,-1.09,-0.011,1.46
454,2022-12-21,1.004,0.986,1.005,0.981,1274886,126231138.0,2.4,-1.5,-0.015,1.49
455,2022-12-22,0.987,0.964,0.991,0.958,1682758,163489966.0,3.35,-2.23,-0.022,1.97
456,2022-12-23,0.955,0.948,0.961,0.942,1182181,112504229.0,1.97,-1.66,-0.016,1.38
457,2022-12-26,0.945,0.99,0.993,0.945,1923511,187448658.0,5.06,4.43,0.042,2.25
458,2022-12-27,0.991,1.001,1.002,0.986,1064337,105929320.0,1.62,1.11,0.011,1.25
459,2022-12-28,0.991,0.995,1.0,0.979,1180539,116877559.0,2.1,-0.6,-0.006,1.38
460,2022-12-29,0.985,0.992,1.004,0.985,847651,84383784.0,1.91,-0.3,-0.003,0.99
461,2022-12-30,0.998,0.987,1.004,0.985,923284,91873798.0,1.92,-0.5,-0.005,1.08
462,2023-01-03,0.986,1.0,1.001,0.968,1222284,120365448.0,3.34,1.32,0.013,1.43
463,2023-01-04,0.994,0.978,0.995,0.972,1396123,137113199.0,2.3,-2.2,-0.022,1.64
464,2023-01-05,0.982,1.002,1.009,0.978,2183245,217449906.0,3.17,2.45,0.024,2.56
465,2023-01-06,1.0,1.036,1.05,1.0,2585028,267378307.0,4.99,3.39,0.034,3.03
466,2023-01-09,1.044,1.041,1.055,1.035,1560308,163077898.0,1.93,0.48,0.005,1.83
467,2023-01-10,1.042,1.046,1.053,1.032,1305745,136141473.0,2.02,0.48,0.005,1.53
468,2023-01-11,1.047,1.035,1.053,1.033,1131354,117797894.0,1.91,-1.05,-0.011,1.33
469,2023-01-12,1.035,1.047,1.058,1.035,1198268,125725459.0,2.22,1.16,0.012,1.4
470,2023-01-13,1.052,1.045,1.06,1.033,1390596,145263661.0,2.58,-0.19,-0.002,1.63
471,2023-01-16,1.04,1.052,1.062,1.035,1789762,187983446.0,2.58,0.67,0.007,2.1
472,2023-01-17,1.053,1.058,1.065,1.052,1353741,143329157.0,1.24,0.57,0.006,1.59
473,2023-01-18,1.06,1.064,1.069,1.055,1233209,131073169.0,1.32,0.57,0.006,1.44
474,2023-01-19,1.064,1.061,1.064,1.051,1317127,139126048.0,1.22,-0.28,-0.003,1.54
475,2023-01-20,1.064,1.081,1.082,1.062,1989783,213701290.0,1.89,1.89,0.02,2.33
476,2023-01-30,1.113,1.099,1.12,1.097,2492115,276776335.0,2.13,1.67,0.018,2.92
477,2023-01-31,1.097,1.102,1.111,1.095,1359853,150035727.0,1.46,0.27,0.003,1.59
478,2023-02-01,1.106,1.112,1.116,1.094,1573644,174025383.0,2.0,0.91,0.01,1.84
479,2023-02-02,1.111,1.099,1.112,1.096,1275381,140806898.0,1.44,-1.17,-0.013,1.49
480,2023-02-03,1.095,1.08,1.099,1.067,1714481,185088587.0,2.91,-1.73,-0.019,2.01
481,2023-02-06,1.075,1.067,1.075,1.059,1204637,128581640.0,1.48,-1.2,-0.013,1.41
482,2023-02-07,1.068,1.068,1.076,1.059,905208,96506687.0,1.59,0.09,0.001,1.06
483,2023-02-08,1.069,1.064,1.077,1.063,1064441,113794138.0,1.31,-0.37,-0.004,1.25
484,2023-02-09,1.064,1.077,1.077,1.055,1306576,139730614.0,2.07,1.22,0.013,1.53
485,2023-02-10,1.076,1.058,1.076,1.053,1348784,143299580.0,2.14,-1.76,-0.019,1.58
486,2023-02-13,1.057,1.062,1.068,1.054,972892,103343067.0,1.32,0.38,0.004,1.14
487,2023-02-14,1.062,1.057,1.067,1.052,1011967,106952971.0,1.41,-0.47,-0.005,1.19
488,2023-02-15,1.058,1.051,1.068,1.049,1338119,141311967.0,1.8,-0.57,-0.006,1.57
489,2023-02-16,1.05,1.031,1.058,1.024,1801450,188056731.0,3.24,-1.9,-0.02,2.11
490,2023-02-17,1.028,1.007,1.034,1.005,2176829,221663343.0,2.81,-2.33,-0.024,2.55
491,2023-02-20,1.005,1.018,1.018,0.992,1464496,146933622.0,2.58,1.09,0.011,1.72
492,2023-02-21,1.017,1.025,1.029,1.011,1535287,156529452.0,1.77,0.69,0.007,1.8
493,2023-02-22,1.019,1.016,1.025,1.012,937128,95363780.0,1.27,-0.88,-0.009,1.1
494,2023-02-23,1.015,1.029,1.031,1.013,1542821,157858783.0,1.77,1.28,0.013,1.81
495,2023-02-24,1.031,1.012,1.032,1.01,1226012,124679654.0,2.14,-1.65,-0.017,1.44
496,2023-02-27,1.008,1.011,1.024,1.004,1372723,139096338.0,1.98,-0.1,-0.001,1.61
497,2023-02-28,1.013,1.013,1.014,1.001,1175627,118432635.0,1.29,0.2,0.002,1.38
498,2023-03-01,1.012,1.011,1.013,1.005,1397986,141054481.0,0.79,-0.2,-0.002,1.64
499,2023-03-02,1.01,0.995,1.012,0.993,1923920,192459304.0,1.88,-1.58,-0.016,2.25
500,2023-03-03,0.997,0.997,1.001,0.992,1411362,140597740.0,0.9,0.2,0.002,1.65
501,2023-03-06,0.997,1.014,1.016,0.983,3183669,319480409.0,3.31,1.71,0.017,3.73
502,2023-03-07,1.011,1.003,1.014,1.001,1715836,172897035.0,1.28,-1.08,-0.011,2.01
503,2023-03-08,0.999,0.996,1.008,0.989,1400872,139582470.0,1.89,-0.7,-0.007,1.64
504,2023-03-09,0.997,0.991,1.0,0.989,1189150,118126231.0,1.1,-0.5,-0.005,1.39
505,2023-03-10,0.988,0.981,0.991,0.975,1560186,153145085.0,1.61,-1.01,-0.01,1.83
506,2023-03-13,0.976,0.97,0.985,0.967,1882517,183015682.0,1.83,-1.12,-0.011,2.2
507,2023-03-14,0.969,0.959,0.97,0.938,2752913,262226569.0,3.3,-1.13,-0.011,3.22
508,2023-03-15,0.961,0.959,0.978,0.956,1628193,157183900.0,2.29,0.0,0.0,1.91
509,2023-03-16,0.95,0.928,0.955,0.925,2802033,263038510.0,3.13,-3.23,-0.031,3.28
510,2023-03-17,0.932,0.921,0.935,0.918,2172487,201004210.0,1.83,-0.75,-0.007,2.54
511,2023-03-20,0.917,0.927,0.938,0.907,2917771,269239868.0,3.37,0.65,0.006,3.42
512,2023-03-21,0.927,0.941,0.942,0.921,2380279,221565315.0,2.27,1.51,0.014,2.79
513,2023-03-22,0.944,0.944,0.959,0.939,2285102,216724160.0,2.13,0.32,0.003,2.68
514,2023-03-23,0.939,0.941,0.945,0.935,1926638,180804723.0,1.06,-0.32,-0.003,2.26
515,2023-03-24,0.943,0.943,0.951,0.931,2168838,204123758.0,2.13,0.21,0.002,2.54
516,2023-03-27,0.943,0.951,0.953,0.933,2367733,223572463.0,2.12,0.85,0.008,2.77
517,2023-03-28,0.951,0.938,0.952,0.937,1865249,175835413.0,1.58,-1.37,-0.013,2.18
518,2023-03-29,0.94,0.943,0.952,0.936,2404556,227168802.0,1.71,0.53,0.005,2.82
519,2023-03-30,0.943,0.949,0.949,0.935,1975387,186183926.0,1.48,0.64,0.006,2.31
520,2023-03-31,0.95,0.953,0.966,0.949,2679731,256201468.0,1.79,0.42,0.004,3.14
521,2023-04-03,0.954,0.958,0.964,0.946,3564637,340248787.0,1.89,0.52,0.005,4.17
522,2023-04-04,0.958,0.936,0.958,0.928,4327347,405978447.0,3.13,-2.3,-0.022,5.07
523,2023-04-06,0.93,0.938,0.939,0.925,3483957,324744060.0,1.5,0.21,0.002,4.08
524,2023-04-07,0.938,0.939,0.947,0.935,3269219,307384705.0,1.28,0.11,0.001,3.83
525,2023-04-10,0.947,0.958,0.958,0.938,5292335,501967927.0,2.13,2.02,0.019,6.2
526,2023-04-11,0.958,0.956,0.962,0.949,4012909,382970300.0,1.36,-0.21,-0.002,4.7
527,2023-04-12,0.954,0.939,0.955,0.936,4461623,420468162.0,1.99,-1.78,-0.017,5.23
528,2023-04-13,0.939,0.934,0.944,0.93,3205551,300037051.0,1.49,-0.53,-0.005,3.75
529,2023-04-14,0.934,0.947,0.955,0.929,6201703,586972206.0,2.78,1.39,0.013,7.26
530,2023-04-17,0.947,0.956,0.961,0.945,4741610,452762204.0,1.69,0.95,0.009,5.55
531,2023-04-18,0.959,0.961,0.969,0.956,5164536,497553818.0,1.36,0.52,0.005,6.05
532,2023-04-19,0.962,0.95,0.963,0.948,4240010,403968749.0,1.56,-1.14,-0.011,4.97
533,2023-04-20,0.951,0.924,0.952,0.921,6746904,626619033.0,3.26,-2.74,-0.026,7.9
534,2023-04-21,0.924,0.914,0.938,0.912,5384148,498582971.0,2.81,-1.08,-0.01,6.31
535,2023-04-24,0.914,0.895,0.916,0.889,4778014,429220678.0,2.95,-2.08,-0.019,5.6
536,2023-04-25,0.893,0.862,0.899,0.858,7253799,630869337.0,4.58,-3.69,-0.033,8.5
537,2023-04-26,0.862,0.908,0.922,0.857,9488915,853811648.0,7.54,5.34,0.046,11.11
538,2023-04-27,0.907,0.912,0.917,0.899,5442635,494456843.0,1.98,0.44,0.004,6.37
539,2023-04-28,0.912,0.907,0.919,0.9,3541497,321091665.0,2.08,-0.55,-0.005,4.15
540,2023-05-04,0.902,0.899,0.917,0.898,2920922,264299395.0,2.09,-0.88,-0.008,3.42
541,2023-05-05,0.898,0.887,0.899,0.876,5040462,446456324.0,2.56,-1.33,-0.012,5.9
542,2023-05-08,0.891,0.893,0.898,0.883,2935656,261552627.0,1.69,0.68,0.006,3.44
543,2023-05-09,0.892,0.877,0.896,0.876,2870836,253395115.0,2.24,-1.79,-0.016,3.36
544,2023-05-10,0.877,0.894,0.901,0.869,3731057,330018497.0,3.65,1.94,0.017,4.37
545,2023-05-11,0.895,0.905,0.915,0.89,3740891,337984064.0,2.8,1.23,0.011,4.38
546,2023-05-12,0.902,0.89,0.911,0.889,2356151,211595796.0,2.43,-1.66,-0.015,2.76
547,2023-05-15,0.893,0.924,0.925,0.893,4930015,451119986.0,3.6,3.82,0.034,5.77
548,2023-05-16,0.927,0.922,0.932,0.918,3155196,291574356.0,1.52,-0.22,-0.002,3.7
549,2023-05-17,0.924,0.921,0.931,0.913,2623185,240977501.0,1.95,-0.11,-0.001,3.07
550,2023-05-18,0.922,0.906,0.923,0.899,3864285,350669728.0,2.61,-1.63,-0.015,4.53
551,2023-05-19,0.903,0.9,0.907,0.896,2253081,202908769.0,1.21,-0.66,-0.006,2.64
552,2023-05-22,0.897,0.906,0.91,0.895,2099407,189535112.0,1.67,0.67,0.006,2.46
553,2023-05-23,0.906,0.898,0.914,0.897,2488652,224938390.0,1.88,-0.88,-0.008,2.91
554,2023-05-24,0.897,0.902,0.912,0.891,2582070,233044754.0,2.34,0.45,0.004,3.02
555,2023-05-25,0.899,0.906,0.913,0.892,2983021,270146679.0,2.33,0.44,0.004,3.49
556,2023-05-26,0.904,0.886,0.904,0.876,4191197,370620876.0,3.09,-2.21,-0.02,4.91
557,2023-05-29,0.887,0.864,0.889,0.86,4003981,347550667.0,3.27,-2.48,-0.022,4.69
558,2023-05-30,0.86,0.863,0.873,0.851,3376649,290584487.0,2.55,-0.12,-0.001,3.95
559,2023-05-31,0.864,0.851,0.865,0.849,2421769,206780728.0,1.85,-1.39,-0.012,2.84
560,2023-06-01,0.851,0.852,0.865,0.849,2572181,220411052.0,1.88,0.12,0.001,3.01
561,2023-06-02,0.854,0.868,0.872,0.853,3023400,261379062.0,2.23,1.88,0.016,3.54
562,2023-06-05,0.868,0.852,0.869,0.848,3355017,285988443.0,2.42,-1.84,-0.016,3.93
563,2023-06-06,0.848,0.841,0.851,0.838,3025115,255040535.0,1.53,-1.29,-0.011,3.54
564,2023-06-07,0.842,0.827,0.844,0.821,4014845,332399536.0,2.73,-1.66,-0.014,4.7
565,2023-06-08,0.826,0.827,0.838,0.826,2907589,241695403.0,1.45,0.0,0.0,3.41
566,2023-06-09,0.829,0.834,0.837,0.824,2284847,189734688.0,1.57,0.85,0.007,2.68
567,2023-06-12,0.83,0.836,0.842,0.824,2388658,198920207.0,2.16,0.24,0.002,2.8
568,2023-06-13,0.833,0.836,0.841,0.831,1659903,138635849.0,1.2,0.0,0.0,1.94
569,2023-06-14,0.837,0.826,0.839,0.825,2701978,224416955.0,1.67,-1.2,-0.01,3.16
570,2023-06-15,0.827,0.866,0.867,0.823,6412068,544082247.0,5.33,4.84,0.04,7.51
571,2023-06-16,0.869,0.875,0.877,0.863,3910578,340495269.0,1.62,1.04,0.009,4.58
572,2023-06-19,0.875,0.868,0.876,0.864,3018116,262447420.0,1.37,-0.8,-0.007,3.53
573,2023-06-20,0.868,0.867,0.877,0.862,3012210,261549068.0,1.73,-0.12,-0.001,3.53
574,2023-06-21,0.87,0.856,0.877,0.855,2421380,209894651.0,2.54,-1.27,-0.011,2.84
575,2023-06-26,0.849,0.859,0.87,0.845,2468103,211200214.0,2.92,0.35,0.003,2.89
576,2023-06-27,0.86,0.862,0.871,0.854,2009176,173108950.0,1.98,0.35,0.003,2.35
577,2023-06-28,0.859,0.867,0.87,0.858,2921107,252855082.0,1.39,0.58,0.005,3.42
578,2023-06-29,0.864,0.864,0.878,0.862,2113130,183752739.0,1.85,-0.35,-0.003,2.47
579,2023-06-30,0.864,0.879,0.885,0.86,3739339,327503740.0,2.89,1.74,0.015,4.38
580,2023-07-03,0.883,0.884,0.892,0.88,2853539,252670725.0,1.37,0.57,0.005,3.34
581,2023-07-04,0.884,0.878,0.884,0.874,2083868,182963607.0,1.13,-0.68,-0.006,2.44
582,2023-07-05,0.877,0.869,0.88,0.867,1690446,147425071.0,1.48,-1.03,-0.009,1.98
583,2023-07-06,0.867,0.864,0.869,0.858,1900380,163853167.0,1.27,-0.58,-0.005,2.23
584,2023-07-07,0.86,0.85,0.861,0.849,2475511,211399709.0,1.39,-1.62,-0.014,2.9
585,2023-07-10,0.855,0.875,0.882,0.853,4114243,359017179.0,3.41,2.94,0.025,4.82
586,2023-07-11,0.875,0.872,0.877,0.863,2065038,179346420.0,1.6,-0.34,-0.003,2.42
587,2023-07-12,0.871,0.874,0.883,0.863,2518927,219875818.0,2.29,0.23,0.002,2.95
588,2023-07-13,0.875,0.881,0.891,0.875,2659086,234534321.0,1.83,0.8,0.007,3.11
589,2023-07-14,0.88,0.867,0.881,0.866,2574385,224382580.0,1.7,-1.59,-0.014,3.02
590,2023-07-17,0.866,0.861,0.867,0.856,1908686,164240947.0,1.27,-0.69,-0.006,2.24
591,2023-07-18,0.862,0.856,0.863,0.85,2409795,205792180.0,1.51,-0.58,-0.005,2.82
592,2023-07-19,0.856,0.844,0.856,0.841,3262346,275800974.0,1.75,-1.4,-0.012,3.82
593,2023-07-20,0.844,0.843,0.855,0.843,2332384,198061689.0,1.42,-0.12,-0.001,2.73
594,2023-07-21,0.842,0.836,0.843,0.832,2384306,199404844.0,1.3,-0.83,-0.007,2.79
595,2023-07-24,0.832,0.824,0.833,0.822,2954677,244139323.0,1.32,-1.44,-0.012,3.46
596,2023-07-25,0.832,0.842,0.842,0.831,2674431,223958220.0,1.33,2.18,0.018,3.13
597,2023-07-26,0.841,0.844,0.848,0.838,1490563,125739387.0,1.19,0.24,0.002,1.75
598,2023-07-27,0.846,0.838,0.85,0.836,2091821,176348778.0,1.66,-0.71,-0.006,2.45
599,2023-07-28,0.833,0.846,0.848,0.83,2504166,210448600.0,2.15,0.95,0.008,2.93
600,2023-07-31,0.85,0.855,0.864,0.85,3194532,273951517.0,1.65,1.06,0.009,3.74
601,2023-08-01,0.853,0.85,0.858,0.846,2554922,217514133.0,1.4,-0.58,-0.005,2.99
602,2023-08-02,0.85,0.845,0.854,0.845,1632010,138436965.0,1.06,-0.59,-0.005,1.91
603,2023-08-03,0.844,0.858,0.858,0.844,2599679,222111222.0,1.66,1.54,0.013,3.04
604,2023-08-04,0.863,0.864,0.87,0.856,3134376,270658000.0,1.63,0.7,0.006,3.67
605,2023-08-07,0.862,0.859,0.864,0.856,1895246,162642918.0,0.93,-0.58,-0.005,2.22
606,2023-08-08,0.86,0.855,0.862,0.852,1355238,115952570.0,1.16,-0.47,-0.004,1.59
607,2023-08-09,0.852,0.852,0.855,0.849,1296278,110379251.0,0.7,-0.35,-0.003,1.52
608,2023-08-10,0.854,0.858,0.862,0.853,2297616,197073676.0,1.06,0.7,0.006,2.69
609,2023-08-11,0.858,0.838,0.859,0.837,3041937,257644259.0,2.56,-2.33,-0.02,3.56
610,2023-08-14,0.832,0.828,0.832,0.818,2900936,239231611.0,1.67,-1.19,-0.01,3.4
611,2023-08-15,0.828,0.815,0.83,0.809,3170507,258818442.0,2.54,-1.57,-0.013,3.71
612,2023-08-16,0.809,0.806,0.82,0.805,2191216,177818258.0,1.84,-1.1,-0.009,2.57
613,2023-08-17,0.805,0.808,0.809,0.796,2022701,162252669.0,1.61,0.25,0.002,2.37
614,2023-08-18,0.807,0.799,0.815,0.799,1775357,143437079.0,1.98,-1.11,-0.009,2.08
615,2023-08-21,0.799,0.783,0.799,0.782,2310922,182380057.0,2.13,-2.0,-0.016,2.71
616,2023-08-22,0.786,0.773,0.788,0.758,3532761,272244778.0,3.83,-1.28,-0.01,4.14
617,2023-08-23,0.767,0.75,0.769,0.749,2651616,201228422.0,2.59,-2.98,-0.023,3.11
618,2023-08-24,0.752,0.759,0.766,0.748,2321508,175884327.0,2.4,1.2,0.009,2.72
