,date,unit,accu,change_rate,accu_qfq
0,2022-12-29,1.0704,1.0704,-0.55,1.0704
1,2022-12-28,1.0763,1.0763,0.99,1.0763
2,2022-12-27,1.0658,1.0658,1.72,1.0658
3,2022-12-26,1.0478,1.0478,-0.49,1.0478
4,2022-12-23,1.053,1.053,-0.4,1.053
5,2022-12-22,1.0572,1.0572,0.36,1.0572
6,2022-12-21,1.0534,1.0534,0.5,1.0534
7,2022-12-20,1.0482,1.0482,-1.41,1.0482
8,2022-12-19,1.0632,1.0632,-1.62,1.0632
9,2022-12-16,1.0807,1.0807,1.19,1.0807
10,2022-12-15,1.068,1.068,-1.19,1.068
11,2022-12-14,1.0809,1.0809,0.36,1.0809
12,2022-12-13,1.077,1.077,0.8,1.077
13,2022-12-12,1.0685,1.0685,-1.97,1.0685
14,2022-12-09,1.09,1.09,1.08,1.09
15,2022-12-08,1.0784,1.0784,0.79,1.0784
16,2022-12-07,1.07,1.07,-1.08,1.07
17,2022-12-06,1.0817,1.0817,-0.15,1.0817
18,2022-12-05,1.0833,1.0833,2.74,1.0833
19,2022-12-02,1.0544,1.0544,-0.75,1.0544
20,2022-12-01,1.0624,1.0624,-0.55,1.0624
21,2022-11-30,1.0683,1.0683,-0.49,1.0683
22,2022-11-29,1.0736,1.0736,4.53,1.0736
23,2022-11-28,1.0271,1.0271,-1.8,1.0271
24,2022-11-25,1.0459,1.0459,2.34,1.0459
25,2022-11-24,1.022,1.022,-0.21,1.022
26,2022-11-23,1.0241,1.0241,0.37,1.0241
27,2022-11-22,1.0203,1.0203,1.8,1.0203
28,2022-11-21,1.0023,1.0023,-0.3,1.0023
29,2022-11-18,1.0053,1.0053,-0.57,1.0053
30,2022-11-17,1.0111,1.0111,-0.68,1.0111
31,2022-11-16,1.018,1.018,-0.67,1.018
32,2022-11-15,1.0249,1.0249,0.26,1.0249
33,2022-11-14,1.0222,1.0222,2.04,1.0222
34,2022-11-11,1.0018,1.0018,3.33,1.0018
35,2022-11-10,0.9695,0.9695,0.18,0.9695
36,2022-11-09,0.9678,0.9678,0.04,0.9678
37,2022-11-08,0.9674,0.9674,-0.07,0.9674
38,2022-11-07,0.9681,0.9681,-0.07,0.9681
39,2022-11-04,0.9688,0.9688,1.93,0.9688
40,2022-11-03,0.9505,0.9505,-0.84,0.9505
41,2022-11-02,0.9586,0.9586,-0.06,0.9586
42,2022-11-01,0.9592,0.9592,1.65,0.9592
43,2022-10-31,0.9436,0.9436,-1.26,0.9436
44,2022-10-28,0.9556,0.9556,-0.67,0.9556
45,2022-10-27,0.962,0.962,-0.23,0.962
46,2022-10-26,0.9642,0.9642,-0.93,0.9642
47,2022-10-25,0.9733,0.9733,-0.17,0.9733
48,2022-10-24,0.975,0.975,-2.71,0.975
49,2022-10-21,1.0022,1.0022,-0.41,1.0022
50,2022-10-20,1.0063,1.0063,-0.29,1.0063
51,2022-10-19,1.0092,1.0092,-1.13,1.0092
52,2022-10-18,1.0207,1.0207,-0.15,1.0207
53,2022-10-17,1.0222,1.0222,-0.1,1.0222
54,2022-10-14,1.0232,1.0232,1.01,1.0232
55,2022-10-13,1.013,1.013,-1.55,1.013
56,2022-10-12,1.029,1.029,0.44,1.029
57,2022-10-11,1.0245,1.0245,-0.3,1.0245
58,2022-10-10,1.0276,1.0276,-1.32,1.0276
59,2022-09-30,1.0413,1.0413,0.62,1.0413
60,2022-09-29,1.0349,1.0349,-1.17,1.0349
61,2022-09-28,1.0471,1.0471,0.11,1.0471
62,2022-09-27,1.0459,1.0459,0.36,1.0459
63,2022-09-26,1.0422,1.0422,-1.59,1.0422
64,2022-09-23,1.059,1.059,0.43,1.059
65,2022-09-22,1.0545,1.0545,-0.26,1.0545
66,2022-09-21,1.0573,1.0573,0.41,1.0573
67,2022-09-20,1.053,1.053,-0.96,1.053
68,2022-09-19,1.0632,1.0632,0.39,1.0632
69,2022-09-16,1.0591,1.0591,-1.99,1.0591
70,2022-09-15,1.0806,1.0806,1.1,1.0806
71,2022-09-14,1.0688,1.0688,-0.82,1.0688
72,2022-09-13,1.0776,1.0776,0.8,1.0776
73,2022-09-09,1.069,1.069,1.64,1.069
74,2022-09-08,1.0518,1.0518,0.43,1.0518
75,2022-09-07,1.0473,1.0473,-0.46,1.0473
76,2022-09-06,1.0521,1.0521,-0.37,1.0521
77,2022-09-05,1.056,1.056,0.35,1.056
78,2022-09-02,1.0523,1.0523,-0.2,1.0523
79,2022-09-01,1.0544,1.0544,-0.41,1.0544
80,2022-08-31,1.0587,1.0587,1.54,1.0587
81,2022-08-30,1.0426,1.0426,0.48,1.0426
82,2022-08-29,1.0376,1.0376,-1.15,1.0376
83,2022-08-26,1.0497,1.0497,0.18,1.0497
84,2022-08-25,1.0478,1.0478,1.37,1.0478
85,2022-08-24,1.0336,1.0336,-0.27,1.0336
86,2022-08-23,1.0364,1.0364,-0.87,1.0364
87,2022-08-22,1.0455,1.0455,-0.13,1.0455
88,2022-08-19,1.0469,1.0469,0.46,1.0469
89,2022-08-18,1.0421,1.0421,-1.15,1.0421
90,2022-08-17,1.0542,1.0542,1.05,1.0542
91,2022-08-16,1.0432,1.0432,0.01,1.0432
92,2022-08-15,1.0431,1.0431,-1.25,1.0431
93,2022-08-12,1.0563,1.0563,0.19,1.0563
94,2022-08-11,1.0543,1.0543,1.79,1.0543
95,2022-08-10,1.0358,1.0358,-0.58,1.0358
96,2022-08-09,1.0418,1.0418,-0.48,1.0418
97,2022-08-08,1.0468,1.0468,-0.54,1.0468
98,2022-08-05,1.0525,1.0525,0.98,1.0525
99,2022-08-04,1.0423,1.0423,0.99,1.0423
100,2022-08-03,1.0321,1.0321,-1.14,1.0321
101,2022-08-02,1.044,1.044,-1.35,1.044
102,2022-08-01,1.0583,1.0583,-1.03,1.0583
103,2022-07-29,1.0693,1.0693,-0.84,1.0693
104,2022-07-28,1.0784,1.0784,-0.18,1.0784
105,2022-07-27,1.0803,1.0803,-0.52,1.0803
106,2022-07-26,1.086,1.086,0.88,1.086
107,2022-07-25,1.0765,1.0765,0.36,1.0765
108,2022-07-22,1.0726,1.0726,0.46,1.0726
109,2022-07-21,1.0677,1.0677,-1.56,1.0677
110,2022-07-20,1.0846,1.0846,0.47,1.0846
111,2022-07-19,1.0795,1.0795,0.43,1.0795
112,2022-07-18,1.0749,1.0749,1.33,1.0749
113,2022-07-15,1.0608,1.0608,-0.91,1.0608
114,2022-07-14,1.0705,1.0705,-2.01,1.0705
115,2022-07-13,1.0925,1.0925,-2.3,1.0925
116,2022-07-12,1.1182,1.1182,0.54,1.1182
117,2022-07-11,1.1122,1.1122,-0.08,1.1122
118,2022-07-08,1.1131,1.1131,0.11,1.1131
119,2022-07-07,1.1119,1.1119,-0.16,1.1119
120,2022-07-06,1.1137,1.1137,-1.35,1.1137
121,2022-07-05,1.1289,1.1289,0.05,1.1289
122,2022-07-04,1.1283,1.1283,-0.44,1.1283
123,2022-07-01,1.1333,1.1333,-0.4,1.1333
124,2022-06-30,1.1379,1.1379,0.81,1.1379
125,2022-06-29,1.1288,1.1288,0.42,1.1288
126,2022-06-28,1.1241,1.1241,0.5,1.1241
127,2022-06-27,1.1185,1.1185,1.05,1.1185
128,2022-06-24,1.1069,1.1069,-0.32,1.1069
129,2022-06-23,1.1105,1.1105,0.84,1.1105
130,2022-06-22,1.1012,1.1012,-1.25,1.1012
131,2022-06-21,1.1151,1.1151,0.95,1.1151
132,2022-06-20,1.1046,1.1046,-0.75,1.1046
133,2022-06-17,1.1129,1.1129,0.0,1.1129
134,2022-06-16,1.1129,1.1129,-1.25,1.1129
135,2022-06-15,1.127,1.127,1.73,1.127
136,2022-06-14,1.1078,1.1078,1.54,1.1078
137,2022-06-13,1.091,1.091,-1.95,1.091
138,2022-06-10,1.1127,1.1127,0.43,1.1127
139,2022-06-09,1.1079,1.1079,1.25,1.1079
140,2022-06-08,1.0942,1.0942,0.31,1.0942
141,2022-06-07,1.0908,1.0908,1.07,1.0908
142,2022-06-06,1.0793,1.0793,-0.11,1.0793
143,2022-06-02,1.0805,1.0805,-0.55,1.0805
144,2022-06-01,1.0865,1.0865,-0.31,1.0865
145,2022-05-31,1.0899,1.0899,0.5,1.0899
146,2022-05-30,1.0845,1.0845,-0.8,1.0845
147,2022-05-27,1.0932,1.0932,0.52,1.0932
148,2022-05-26,1.0875,1.0875,0.01,1.0875
149,2022-05-25,1.0874,1.0874,0.3,1.0874
150,2022-05-24,1.0842,1.0842,-0.92,1.0842
151,2022-05-23,1.0943,1.0943,-0.52,1.0943
152,2022-05-20,1.1,1.1,1.49,1.1
153,2022-05-19,1.0838,1.0838,-0.51,1.0838
154,2022-05-18,1.0894,1.0894,-0.76,1.0894
155,2022-05-17,1.0977,1.0977,0.98,1.0977
156,2022-05-16,1.0871,1.0871,-0.89,1.0871
157,2022-05-13,1.0969,1.0969,1.19,1.0969
158,2022-05-12,1.084,1.084,-0.62,1.084
159,2022-05-11,1.0908,1.0908,-0.47,1.0908
160,2022-05-10,1.0959,1.0959,0.79,1.0959
161,2022-05-09,1.0873,1.0873,-1.39,1.0873
162,2022-05-06,1.1026,1.1026,-2.09,1.1026
163,2022-05-05,1.1261,1.1261,-0.27,1.1261
164,2022-04-29,1.1292,1.1292,-0.29,1.1292
165,2022-04-28,1.1325,1.1325,1.81,1.1325
166,2022-04-27,1.1124,1.1124,0.14,1.1124
167,2022-04-26,1.1109,1.1109,-0.27,1.1109
168,2022-04-25,1.1139,1.1139,-4.21,1.1139
169,2022-04-22,1.1629,1.1629,1.68,1.1629
170,2022-04-21,1.1437,1.1437,-0.34,1.1437
171,2022-04-20,1.1476,1.1476,-1.03,1.1476
172,2022-04-19,1.1595,1.1595,-0.16,1.1595
173,2022-04-18,1.1614,1.1614,-2.53,1.1614
174,2022-04-15,1.1915,1.1915,1.54,1.1915
175,2022-04-14,1.1734,1.1734,-0.29,1.1734
176,2022-04-13,1.1768,1.1768,-0.05,1.1768
177,2022-04-12,1.1774,1.1774,0.1,1.1774
178,2022-04-11,1.1762,1.1762,-1.43,1.1762
179,2022-04-08,1.1933,1.1933,0.81,1.1933
180,2022-04-07,1.1837,1.1837,-1.08,1.1837
181,2022-04-06,1.1966,1.1966,1.58,1.1966
182,2022-04-01,1.178,1.178,1.86,1.178
183,2022-03-31,1.1565,1.1565,1.4,1.1565
184,2022-03-30,1.1405,1.1405,1.3,1.1405
185,2022-03-29,1.1259,1.1259,0.2,1.1259
186,2022-03-28,1.1237,1.1237,0.38,1.1237
187,2022-03-25,1.1194,1.1194,-0.07,1.1194
188,2022-03-24,1.1202,1.1202,0.36,1.1202
189,2022-03-23,1.1162,1.1162,-0.77,1.1162
190,2022-03-22,1.1249,1.1249,1.86,1.1249
191,2022-03-21,1.1044,1.1044,-1.27,1.1044
192,2022-03-18,1.1186,1.1186,2.16,1.1186
193,2022-03-17,1.095,1.095,0.83,1.095
194,2022-03-16,1.086,1.086,3.53,1.086
195,2022-03-15,1.049,1.049,-4.48,1.049
196,2022-03-14,1.0982,1.0982,-2.42,1.0982
197,2022-03-11,1.1254,1.1254,0.62,1.1254
198,2022-03-10,1.1185,1.1185,0.78,1.1185
199,2022-03-09,1.1098,1.1098,-1.6,1.1098
200,2022-03-08,1.1279,1.1279,-2.14,1.1279
201,2022-03-07,1.1526,1.1526,-1.94,1.1526
202,2022-03-04,1.1754,1.1754,-0.96,1.1754
203,2022-03-03,1.1868,1.1868,0.81,1.1868
204,2022-03-02,1.1773,1.1773,-0.36,1.1773
205,2022-03-01,1.1815,1.1815,0.91,1.1815
206,2022-02-28,1.1708,1.1708,-0.11,1.1708
207,2022-02-25,1.1721,1.1721,-0.47,1.1721
208,2022-02-24,1.1776,1.1776,-1.41,1.1776
209,2022-02-23,1.1944,1.1944,-0.87,1.1944
210,2022-02-22,1.2049,1.2049,-0.49,1.2049
211,2022-02-21,1.2108,1.2108,-0.48,1.2108
212,2022-02-18,1.2166,1.2166,1.28,1.2166
213,2022-02-17,1.2012,1.2012,0.27,1.2012
214,2022-02-16,1.198,1.198,0.94,1.198
215,2022-02-15,1.1868,1.1868,-1.26,1.1868
216,2022-02-14,1.2019,1.2019,-2.28,1.2019
217,2022-02-11,1.23,1.23,1.03,1.23
218,2022-02-10,1.2174,1.2174,0.84,1.2174
219,2022-02-09,1.2072,1.2072,-0.44,1.2072
220,2022-02-08,1.2125,1.2125,1.43,1.2125
221,2022-02-07,1.1954,1.1954,3.03,1.1954
222,2022-01-28,1.1602,1.1602,-1.43,1.1602
223,2022-01-27,1.177,1.177,-0.45,1.177
224,2022-01-26,1.1823,1.1823,0.19,1.1823
225,2022-01-25,1.1801,1.1801,-1.6,1.1801
226,2022-01-24,1.1993,1.1993,-0.12,1.1993
227,2022-01-21,1.2007,1.2007,-0.53,1.2007
228,2022-01-20,1.2071,1.2071,1.98,1.2071
229,2022-01-19,1.1837,1.1837,0.56,1.1837
230,2022-01-18,1.1771,1.1771,2.05,1.1771
231,2022-01-17,1.1535,1.1535,-0.12,1.1535
232,2022-01-14,1.1549,1.1549,-2.19,1.1549
233,2022-01-13,1.1808,1.1808,0.02,1.1808
234,2022-01-12,1.1806,1.1806,-0.25,1.1806
235,2022-01-11,1.1835,1.1835,1.11,1.1835
236,2022-01-10,1.1705,1.1705,0.39,1.1705
237,2022-01-07,1.166,1.166,1.54,1.166
238,2022-01-06,1.1483,1.1483,-0.55,1.1483
239,2022-01-05,1.1547,1.1547,1.79,1.1547
240,2022-01-04,1.1344,1.1344,0.28,1.1344
241,2021-12-31,1.1312,1.1312,-0.06,1.1312
242,2021-12-30,1.1319,1.1319,0.48,1.1319
243,2021-12-29,1.1265,1.1265,-1.09,1.1265
244,2021-12-28,1.1389,1.1389,0.39,1.1389
245,2021-12-27,1.1345,1.1345,-0.49,1.1345
246,2021-12-24,1.1401,1.1401,-0.35,1.1401
247,2021-12-23,1.1441,1.1441,0.08,1.1441
248,2021-12-22,1.1432,1.1432,-0.76,1.1432
249,2021-12-21,1.1519,1.1519,0.43,1.1519
250,2021-12-20,1.147,1.147,-0.1,1.147
251,2021-12-17,1.1482,1.1482,-0.4,1.1482
252,2021-12-16,1.1528,1.1528,0.7,1.1528
253,2021-12-15,1.1448,1.1448,-0.12,1.1448
254,2021-12-14,1.1462,1.1462,-1.35,1.1462
255,2021-12-13,1.1619,1.1619,-0.78,1.1619
256,2021-12-10,1.171,1.171,-0.26,1.171
257,2021-12-09,1.174,1.174,0.93,1.174
258,2021-12-08,1.1632,1.1632,0.03,1.1632
259,2021-12-07,1.1628,1.1628,0.98,1.1628
260,2021-12-06,1.1515,1.1515,0.49,1.1515
261,2021-12-03,1.1459,1.1459,0.63,1.1459
262,2021-12-02,1.1387,1.1387,0.36,1.1387
263,2021-12-01,1.1346,1.1346,0.69,1.1346
264,2021-11-30,1.1268,1.1268,-0.26,1.1268
265,2021-11-29,1.1297,1.1297,-0.43,1.1297
266,2021-11-26,1.1346,1.1346,-0.79,1.1346
267,2021-11-25,1.1436,1.1436,-0.32,1.1436
268,2021-11-24,1.1473,1.1473,0.1,1.1473
269,2021-11-23,1.1461,1.1461,0.17,1.1461
270,2021-11-22,1.1442,1.1442,-0.94,1.1442
271,2021-11-19,1.1551,1.1551,1.11,1.1551
272,2021-11-18,1.1424,1.1424,-0.7,1.1424
273,2021-11-17,1.1504,1.1504,-0.76,1.1504
274,2021-11-16,1.1592,1.1592,-0.63,1.1592
275,2021-11-15,1.1665,1.1665,0.56,1.1665
276,2021-11-12,1.16,1.16,-0.36,1.16
277,2021-11-11,1.1642,1.1642,2.63,1.1642
278,2021-11-10,1.1344,1.1344,-0.33,1.1344
279,2021-11-09,1.1381,1.1381,0.05,1.1381
280,2021-11-08,1.1375,1.1375,-0.44,1.1375
281,2021-11-05,1.1425,1.1425,-0.41,1.1425
282,2021-11-04,1.1472,1.1472,-0.41,1.1472
283,2021-11-03,1.1519,1.1519,-0.04,1.1519
284,2021-11-02,1.1524,1.1524,-2.88,1.1524
285,2021-11-01,1.1866,1.1866,1.15,1.1866
286,2021-10-29,1.1731,1.1731,-0.44,1.1731
287,2021-10-28,1.1783,1.1783,-0.65,1.1783
288,2021-10-27,1.186,1.186,-0.84,1.186
289,2021-10-26,1.1961,1.1961,-0.04,1.1961
290,2021-10-25,1.1966,1.1966,0.01,1.1966
291,2021-10-22,1.1965,1.1965,0.17,1.1965
292,2021-10-21,1.1945,1.1945,2.11,1.1945
293,2021-10-20,1.1698,1.1698,-0.68,1.1698
294,2021-10-19,1.1778,1.1778,0.67,1.1778
295,2021-10-18,1.17,1.17,-0.69,1.17
296,2021-10-15,1.1781,1.1781,0.87,1.1781
297,2021-10-14,1.1679,1.1679,-1.02,1.1679
298,2021-10-13,1.1799,1.1799,-0.18,1.1799
299,2021-10-12,1.182,1.182,0.02,1.182
300,2021-10-11,1.1818,1.1818,2.21,1.1818
301,2021-10-08,1.1563,1.1563,1.59,1.1563
302,2021-09-30,1.1382,1.1382,-1.04,1.1382
303,2021-09-29,1.1502,1.1502,0.88,1.1502
304,2021-09-28,1.1402,1.1402,1.68,1.1402
305,2021-09-27,1.1214,1.1214,-0.01,1.1214
306,2021-09-24,1.1215,1.1215,-0.78,1.1215
307,2021-09-23,1.1303,1.1303,0.01,1.1303
308,2021-09-22,1.1302,1.1302,-2.14,1.1302
309,2021-09-17,1.1549,1.1549,0.16,1.1549
310,2021-09-16,1.153,1.153,-0.95,1.153
311,2021-09-15,1.164,1.164,-0.77,1.164
312,2021-09-14,1.173,1.173,-2.66,1.173
313,2021-09-13,1.2051,1.2051,-0.15,1.2051
314,2021-09-10,1.2069,1.2069,2.18,1.2069
315,2021-09-09,1.1812,1.1812,-0.35,1.1812
316,2021-09-08,1.1854,1.1854,-0.13,1.1854
317,2021-09-07,1.187,1.187,1.78,1.187
318,2021-09-06,1.1662,1.1662,-0.12,1.1662
319,2021-09-03,1.1676,1.1676,0.18,1.1676
320,2021-09-02,1.1655,1.1655,0.92,1.1655
321,2021-09-01,1.1549,1.1549,2.26,1.1549
322,2021-08-31,1.1294,1.1294,1.43,1.1294
323,2021-08-30,1.1135,1.1135,-1.63,1.1135
324,2021-08-27,1.132,1.132,0.28,1.132
325,2021-08-26,1.1288,1.1288,-1.42,1.1288
326,2021-08-25,1.1451,1.1451,-0.91,1.1451
327,2021-08-24,1.1556,1.1556,0.34,1.1556
328,2021-08-23,1.1517,1.1517,0.04,1.1517
329,2021-08-20,1.1512,1.1512,-0.68,1.1512
330,2021-08-19,1.1591,1.1591,-1.95,1.1591
331,2021-08-18,1.1821,1.1821,3.25,1.1821
332,2021-08-17,1.1449,1.1449,-0.93,1.1449
333,2021-08-16,1.1556,1.1556,-0.12,1.1556
334,2021-08-13,1.157,1.157,0.08,1.157
335,2021-08-12,1.1561,1.1561,-0.46,1.1561
336,2021-08-11,1.1614,1.1614,0.9,1.1614
337,2021-08-10,1.151,1.151,1.89,1.151
338,2021-08-09,1.1296,1.1296,2.53,1.1296
339,2021-08-06,1.1017,1.1017,0.33,1.1017
340,2021-08-05,1.0981,1.0981,-0.18,1.0981
341,2021-08-04,1.1001,1.1001,-0.82,1.1001
342,2021-08-03,1.1092,1.1092,-0.52,1.1092
343,2021-08-02,1.115,1.115,1.4,1.115
344,2021-07-30,1.0996,1.0996,-1.43,1.0996
345,2021-07-29,1.1155,1.1155,-0.62,1.1155
346,2021-07-28,1.1225,1.1225,1.1,1.1225
347,2021-07-27,1.1103,1.1103,-2.64,1.1103
348,2021-07-26,1.1404,1.1404,-3.12,1.1404
349,2021-07-23,1.1771,1.1771,-0.42,1.1771
350,2021-07-22,1.1821,1.1821,0.66,1.1821
351,2021-07-21,1.1743,1.1743,-0.48,1.1743
352,2021-07-20,1.18,1.18,-1.3,1.18
353,2021-07-19,1.1955,1.1955,-0.06,1.1955
354,2021-07-16,1.1962,1.1962,-0.42,1.1962
355,2021-07-15,1.2013,1.2013,2.62,1.2013
356,2021-07-14,1.1706,1.1706,-1.66,1.1706
357,2021-07-13,1.1903,1.1903,0.48,1.1903
358,2021-07-12,1.1846,1.1846,-0.4,1.1846
359,2021-07-09,1.1893,1.1893,-0.96,1.1893
360,2021-07-08,1.2008,1.2008,-2.55,1.2008
361,2021-07-07,1.2322,1.2322,-0.28,1.2322
362,2021-07-06,1.2356,1.2356,1.07,1.2356
363,2021-07-05,1.2225,1.2225,0.07,1.2225
364,2021-07-02,1.2216,1.2216,-2.28,1.2216
365,2021-07-01,1.2501,1.2501,1.72,1.2501
366,2021-06-30,1.229,1.229,0.89,1.229
367,2021-06-29,1.2181,1.2181,-0.56,1.2181
368,2021-06-28,1.225,1.225,-1.71,1.225
369,2021-06-25,1.2463,1.2463,1.19,1.2463
370,2021-06-24,1.2317,1.2317,0.6,1.2317
371,2021-06-23,1.2243,1.2243,-0.3,1.2243
372,2021-06-22,1.228,1.228,1.28,1.228
373,2021-06-21,1.2125,1.2125,-1.06,1.2125
374,2021-06-18,1.2255,1.2255,-0.95,1.2255
375,2021-06-17,1.2372,1.2372,-0.45,1.2372
376,2021-06-16,1.2428,1.2428,0.57,1.2428
377,2021-06-15,1.2358,1.2358,-1.46,1.2358
378,2021-06-11,1.2541,1.2541,-0.96,1.2541
379,2021-06-10,1.2663,1.2663,-0.28,1.2663
380,2021-06-09,1.2698,1.2698,-0.37,1.2698
381,2021-06-08,1.2745,1.2745,-0.05,1.2745
382,2021-06-07,1.2751,1.2751,-0.56,1.2751
383,2021-06-04,1.2823,1.2823,1.25,1.2823
384,2021-06-03,1.2665,1.2665,-0.71,1.2665
385,2021-06-02,1.2755,1.2755,0.05,1.2755
386,2021-06-01,1.2748,1.2748,-0.82,1.2748
387,2021-05-31,1.2854,1.2854,-0.51,1.2854
388,2021-05-28,1.292,1.292,0.24,1.292
389,2021-05-27,1.2889,1.2889,-0.79,1.2889
390,2021-05-26,1.2991,1.2991,0.82,1.2991
391,2021-05-25,1.2885,1.2885,3.6,1.2885
392,2021-05-24,1.2437,1.2437,0.1,1.2437
393,2021-05-21,1.2425,1.2425,-1.3,1.2425
394,2021-05-20,1.2589,1.2589,0.99,1.2589
395,2021-05-19,1.2466,1.2466,-1.49,1.2466
396,2021-05-18,1.2655,1.2655,-0.19,1.2655
397,2021-05-17,1.2679,1.2679,0.25,1.2679
398,2021-05-14,1.2648,1.2648,1.34,1.2648
399,2021-05-13,1.2481,1.2481,-0.47,1.2481
400,2021-05-12,1.254,1.254,0.46,1.254
401,2021-05-11,1.2483,1.2483,0.32,1.2483
402,2021-05-10,1.2443,1.2443,-0.65,1.2443
403,2021-05-07,1.2525,1.2525,1.08,1.2525
404,2021-05-06,1.2391,1.2391,0.98,1.2391
405,2021-04-30,1.2271,1.2271,-1.63,1.2271
406,2021-04-29,1.2474,1.2474,1.87,1.2474
407,2021-04-28,1.2245,1.2245,-0.11,1.2245
408,2021-04-27,1.2259,1.2259,-0.02,1.2259
409,2021-04-26,1.2261,1.2261,-0.91,1.2261
410,2021-04-23,1.2374,1.2374,0.46,1.2374
411,2021-04-22,1.2317,1.2317,-0.96,1.2317
412,2021-04-21,1.2436,1.2436,1.73,1.2436
413,2021-04-20,1.2225,1.2225,0.35,1.2225
414,2021-04-19,1.2182,1.2182,1.51,1.2182
415,2021-04-16,1.2001,1.2001,0.23,1.2001
416,2021-04-15,1.1974,1.1974,-0.93,1.1974
417,2021-04-14,1.2086,1.2086,-1.22,1.2086
418,2021-04-13,1.2235,1.2235,-0.42,1.2235
419,2021-04-12,1.2287,1.2287,-0.3,1.2287
420,2021-04-09,1.2324,1.2324,-0.51,1.2324
421,2021-04-08,1.2387,1.2387,-0.25,1.2387
422,2021-04-07,1.2418,1.2418,-0.29,1.2418
423,2021-04-06,1.2454,1.2454,0.25,1.2454
424,2021-04-02,1.2423,1.2423,-1.21,1.2423
425,2021-04-01,1.2575,1.2575,-0.32,1.2575
426,2021-03-31,1.2616,1.2616,0.32,1.2616
427,2021-03-30,1.2576,1.2576,0.74,1.2576
428,2021-03-29,1.2484,1.2484,0.47,1.2484
429,2021-03-26,1.2426,1.2426,0.98,1.2426
430,2021-03-25,1.2305,1.2305,-0.63,1.2305
431,2021-03-24,1.2383,1.2383,-1.58,1.2383
432,2021-03-23,1.2582,1.2582,-0.46,1.2582
433,2021-03-22,1.264,1.264,2.03,1.264
434,2021-03-19,1.2388,1.2388,-2.95,1.2388
435,2021-03-18,1.2764,1.2764,0.28,1.2764
436,2021-03-17,1.2728,1.2728,-1.55,1.2728
437,2021-03-16,1.2928,1.2928,1.15,1.2928
438,2021-03-15,1.2781,1.2781,0.84,1.2781
439,2021-03-12,1.2674,1.2674,1.02,1.2674
440,2021-03-11,1.2546,1.2546,3.1,1.2546
441,2021-03-10,1.2169,1.2169,-0.45,1.2169
442,2021-03-09,1.2224,1.2224,-1.89,1.2224
443,2021-03-08,1.2459,1.2459,-1.64,1.2459
444,2021-03-05,1.2667,1.2667,-0.8,1.2667
445,2021-03-04,1.2769,1.2769,-0.78,1.2769
446,2021-03-03,1.2869,1.2869,4.49,1.2869
447,2021-03-02,1.2316,1.2316,-0.73,1.2316
448,2021-03-01,1.2406,1.2406,0.01,1.2406
449,2021-02-26,1.2405,1.2405,-3.43,1.2405
450,2021-02-25,1.2846,1.2846,1.49,1.2846
451,2021-02-24,1.2658,1.2658,-1.59,1.2658
452,2021-02-23,1.2862,1.2862,0.85,1.2862
453,2021-02-22,1.2754,1.2754,-1.66,1.2754
454,2021-02-19,1.2969,1.2969,-0.49,1.2969
455,2021-02-18,1.3033,1.3033,1.65,1.3033
456,2021-02-10,1.2821,1.2821,-0.5,1.2821
457,2021-02-09,1.2886,1.2886,-0.16,1.2886
458,2021-02-08,1.2907,1.2907,0.44,1.2907
459,2021-02-05,1.285,1.285,2.96,1.285
460,2021-02-04,1.2481,1.2481,0.34,1.2481
461,2021-02-03,1.2439,1.2439,1.81,1.2439
462,2021-02-02,1.2218,1.2218,-1.28,1.2218
463,2021-02-01,1.2376,1.2376,2.39,1.2376
464,2021-01-29,1.2087,1.2087,0.27,1.2087
465,2021-01-28,1.2054,1.2054,-0.97,1.2054
466,2021-01-27,1.2172,1.2172,1.41,1.2172
467,2021-01-26,1.2003,1.2003,-0.37,1.2003
468,2021-01-25,1.2047,1.2047,0.18,1.2047
469,2021-01-22,1.2025,1.2025,-1.72,1.2025
470,2021-01-21,1.2235,1.2235,0.32,1.2235
471,2021-01-20,1.2196,1.2196,-1.09,1.2196
472,2021-01-19,1.2331,1.2331,-0.02,1.2331
473,2021-01-18,1.2333,1.2333,2.29,1.2333
474,2021-01-15,1.2057,1.2057,2.74,1.2057
475,2021-01-14,1.1735,1.1735,-0.09,1.1735
476,2021-01-13,1.1745,1.1745,-0.08,1.1745
477,2021-01-12,1.1754,1.1754,1.35,1.1754
478,2021-01-11,1.1598,1.1598,0.98,1.1598
479,2021-01-08,1.1485,1.1485,0.42,1.1485
480,2021-01-07,1.1437,1.1437,0.94,1.1437
481,2021-01-06,1.1331,1.1331,2.35,1.1331
482,2021-01-05,1.1071,1.1071,-1.19,1.1071
483,2021-01-04,1.1204,1.1204,-1.9,1.1204
484,2020-12-31,1.1421,1.1421,0.98,1.1421
485,2020-12-30,1.131,1.131,0.27,1.131
486,2020-12-29,1.1279,1.1279,0.28,1.1279
487,2020-12-28,1.1247,1.1247,0.68,1.1247
488,2020-12-25,1.1171,1.1171,0.14,1.1171
489,2020-12-24,1.1155,1.1155,0.55,1.1155
490,2020-12-23,1.1094,1.1094,0.2,1.1094
491,2020-12-22,1.1072,1.1072,-1.63,1.1072
492,2020-12-21,1.1256,1.1256,-0.32,1.1256
493,2020-12-18,1.1292,1.1292,-1.28,1.1292
494,2020-12-17,1.1438,1.1438,0.57,1.1438
495,2020-12-16,1.1373,1.1373,0.19,1.1373
496,2020-12-15,1.1351,1.1351,-0.81,1.1351
497,2020-12-14,1.1444,1.1444,1.0,1.1444
498,2020-12-11,1.1331,1.1331,-1.12,1.1331
499,2020-12-10,1.1459,1.1459,-0.62,1.1459
500,2020-12-09,1.153,1.153,-0.05,1.153
501,2020-12-08,1.1536,1.1536,-0.64,1.1536
502,2020-12-07,1.161,1.161,-2.19,1.161
503,2020-12-04,1.187,1.187,-1.28,1.187
504,2020-12-03,1.2024,1.2024,-0.17,1.2024
505,2020-12-02,1.2045,1.2045,-0.52,1.2045
506,2020-12-01,1.2108,1.2108,2.73,1.2108
507,2020-11-30,1.1786,1.1786,-0.89,1.1786
508,2020-11-27,1.1892,1.1892,2.32,1.1892
509,2020-11-26,1.1622,1.1622,1.37,1.1622
510,2020-11-25,1.1465,1.1465,-0.8,1.1465
511,2020-11-24,1.1558,1.1558,-0.53,1.1558
512,2020-11-23,1.1619,1.1619,2.05,1.1619
513,2020-11-20,1.1386,1.1386,-0.59,1.1386
514,2020-11-19,1.1454,1.1454,0.73,1.1454
515,2020-11-18,1.1371,1.1371,2.2,1.1371
516,2020-11-17,1.1126,1.1126,1.23,1.1126
517,2020-11-16,1.0991,1.0991,0.45,1.0991
518,2020-11-13,1.0942,1.0942,-1.84,1.0942
519,2020-11-12,1.1147,1.1147,-1.09,1.1147
520,2020-11-11,1.127,1.127,0.69,1.127
521,2020-11-10,1.1193,1.1193,0.68,1.1193
522,2020-11-09,1.1117,1.1117,0.87,1.1117
523,2020-11-06,1.1021,1.1021,-0.32,1.1021
524,2020-11-05,1.1056,1.1056,-0.41,1.1056
525,2020-11-04,1.1102,1.1102,1.5,1.1102
526,2020-11-03,1.0938,1.0938,1.04,1.0938
527,2020-11-02,1.0825,1.0825,-0.07,1.0825
528,2020-10-30,1.0833,1.0833,-0.81,1.0833
529,2020-10-29,1.0922,1.0922,0.0,1.0922
530,2020-10-28,1.0922,1.0922,-1.02,1.0922
531,2020-10-27,1.1034,1.1034,-0.37,1.1034
532,2020-10-26,1.1075,1.1075,-1.88,1.1075
533,2020-10-23,1.1287,1.1287,0.66,1.1287
534,2020-10-22,1.1213,1.1213,-0.27,1.1213
535,2020-10-21,1.1243,1.1243,1.79,1.1243
536,2020-10-20,1.1045,1.1045,-0.5,1.1045
537,2020-10-19,1.11,1.11,0.4,1.11
538,2020-10-16,1.1056,1.1056,1.63,1.1056
539,2020-10-15,1.0879,1.0879,1.45,1.0879
540,2020-10-14,1.0724,1.0724,-0.01,1.0724
541,2020-10-13,1.0725,1.0725,0.03,1.0725
542,2020-10-12,1.0722,1.0722,2.63,1.0722
543,2020-10-09,1.0447,1.0447,0.24,1.0447
544,2020-09-30,1.0422,1.0422,-0.19,1.0422
545,2020-09-29,1.0442,1.0442,-1.16,1.0442
546,2020-09-28,1.0565,1.0565,0.43,1.0565
547,2020-09-25,1.052,1.052,-0.11,1.052
548,2020-09-24,1.0532,1.0532,-1.24,1.0532
549,2020-09-23,1.0664,1.0664,-0.47,1.0664
550,2020-09-22,1.0714,1.0714,-1.12,1.0714
551,2020-09-21,1.0835,1.0835,-0.74,1.0835
552,2020-09-18,1.0916,1.0916,2.03,1.0916
553,2020-09-17,1.0699,1.0699,-0.25,1.0699
554,2020-09-16,1.0726,1.0726,0.34,1.0726
555,2020-09-15,1.069,1.069,0.27,1.069
556,2020-09-14,1.0661,1.0661,0.39,1.0661
557,2020-09-11,1.062,1.062,-0.76,1.062
558,2020-09-10,1.0701,1.0701,-0.24,1.0701
559,2020-09-09,1.0727,1.0727,-0.55,1.0727
560,2020-09-08,1.0786,1.0786,1.55,1.0786
561,2020-09-07,1.0621,1.0621,-0.38,1.0621
562,2020-09-04,1.0662,1.0662,-0.39,1.0662
563,2020-09-03,1.0704,1.0704,-0.45,1.0704
564,2020-09-02,1.0752,1.0752,-0.6,1.0752
565,2020-09-01,1.0817,1.0817,-0.21,1.0817
566,2020-08-31,1.084,1.084,-0.73,1.084
567,2020-08-28,1.092,1.092,2.21,1.092
568,2020-08-27,1.0684,1.0684,-0.07,1.0684
569,2020-08-26,1.0692,1.0692,-0.81,1.0692
570,2020-08-25,1.0779,1.0779,0.19,1.0779
571,2020-08-24,1.0759,1.0759,-0.6,1.0759
572,2020-08-21,1.0824,1.0824,0.21,1.0824
573,2020-08-20,1.0801,1.0801,-1.45,1.0801
574,2020-08-19,1.096,1.096,-0.85,1.096
575,2020-08-18,1.1054,1.1054,-0.93,1.1054
576,2020-08-17,1.1158,1.1158,2.77,1.1158
577,2020-08-14,1.0857,1.0857,1.51,1.0857
578,2020-08-13,1.0696,1.0696,-0.49,1.0696
579,2020-08-12,1.0749,1.0749,0.58,1.0749
580,2020-08-11,1.0687,1.0687,0.24,1.0687
581,2020-08-10,1.0661,1.0661,0.99,1.0661
582,2020-08-07,1.0557,1.0557,-0.88,1.0557
583,2020-08-06,1.0651,1.0651,0.79,1.0651
584,2020-08-05,1.0567,1.0567,-1.26,1.0567
585,2020-08-04,1.0702,1.0702,2.51,1.0702
586,2020-08-03,1.044,1.044,0.76,1.044
587,2020-07-31,1.0361,1.0361,0.03,1.0361
588,2020-07-30,1.0358,1.0358,-1.02,1.0358
589,2020-07-29,1.0465,1.0465,1.34,1.0465
590,2020-07-28,1.0327,1.0327,0.46,1.0327
591,2020-07-27,1.028,1.028,-0.76,1.028
592,2020-07-24,1.0359,1.0359,-2.54,1.0359
593,2020-07-23,1.0629,1.0629,-1.4,1.0629
594,2020-07-22,1.078,1.078,-0.25,1.078
595,2020-07-21,1.0807,1.0807,-0.89,1.0807
596,2020-07-20,1.0904,1.0904,2.61,1.0904
597,2020-07-17,1.0627,1.0627,0.08,1.0627
598,2020-07-16,1.0619,1.0619,-0.17,1.0619
599,2020-07-15,1.0637,1.0637,-1.67,1.0637
600,2020-07-14,1.0818,1.0818,-1.5,1.0818
601,2020-07-13,1.0983,1.0983,-0.05,1.0983
602,2020-07-10,1.0989,1.0989,-3.5,1.0989
603,2020-07-09,1.1387,1.1387,-1.06,1.1387
604,2020-07-08,1.1509,1.1509,0.46,1.1509
605,2020-07-07,1.1456,1.1456,-0.49,1.1456
606,2020-07-06,1.1512,1.1512,8.96,1.1512
607,2020-07-03,1.0565,1.0565,2.6,1.0565
608,2020-07-02,1.0297,1.0297,2.28,1.0297
609,2020-07-01,1.0067,1.0067,1.8,1.0067
610,2020-06-30,0.9889,0.9889,0.17,0.9889
611,2020-06-29,0.9872,0.9872,-0.21,0.9872
612,2020-06-24,0.9893,0.9893,1.22,0.9893
613,2020-06-23,0.9774,0.9774,-0.48,0.9774
614,2020-06-22,0.9821,0.9821,-0.47,0.9821
615,2020-06-19,0.9867,0.9867,0.38,0.9867
616,2020-06-18,0.983,0.983,-0.33,0.983
617,2020-06-17,0.9863,0.9863,-0.09,0.9863
618,2020-06-16,0.9872,0.9872,0.85,0.9872
619,2020-06-15,0.9789,0.9789,-1.23,0.9789
620,2020-06-12,0.9911,0.9911,0.04,0.9911
621,2020-06-11,0.9907,0.9907,-1.19,0.9907
622,2020-06-10,1.0026,1.0026,-0.66,1.0026
623,2020-06-09,1.0093,1.0093,0.21,1.0093
624,2020-06-08,1.0072,1.0072,0.05,1.0072
625,2020-06-05,1.0067,1.0067,0.16,1.0067
626,2020-06-04,1.0051,1.0051,-0.35,1.0051
627,2020-06-03,1.0086,1.0086,0.1,1.0086
628,2020-06-02,1.0076,1.0076,0.6,1.0076
629,2020-06-01,1.0016,1.0016,1.39,1.0016
630,2020-05-29,0.9879,0.9879,-0.62,0.9879
631,2020-05-28,0.9941,0.9941,1.42,0.9941
632,2020-05-27,0.9802,0.9802,0.49,0.9802
633,2020-05-26,0.9754,0.9754,0.28,0.9754
634,2020-05-25,0.9727,0.9727,-0.02,0.9727
635,2020-05-22,0.9729,0.9729,-1.78,0.9729
636,2020-05-21,0.9905,0.9905,-0.29,0.9905
637,2020-05-20,0.9934,0.9934,0.49,0.9934
638,2020-05-19,0.9886,0.9886,0.67,0.9886
639,2020-05-18,0.982,0.982,0.1,0.982
640,2020-05-15,0.981,0.981,-0.07,0.981
641,2020-05-14,0.9817,0.9817,-1.05,0.9817
642,2020-05-13,0.9921,0.9921,-0.06,0.9921
643,2020-05-12,0.9927,0.9927,-0.75,0.9927
644,2020-05-11,1.0002,1.0002,-0.05,1.0002
645,2020-05-08,1.0007,1.0007,0.97,1.0007
646,2020-05-07,0.9911,0.9911,-0.54,0.9911
647,2020-05-06,0.9965,0.9965,-1.04,0.9965
648,2020-04-30,1.007,1.007,0.27,1.007
649,2020-04-29,1.0043,1.0043,2.36,1.0043
650,2020-04-28,0.9811,0.9811,0.24,0.9811
651,2020-04-27,0.9788,0.9788,1.83,0.9788
652,2020-04-24,0.9612,0.9612,-0.32,0.9612
653,2020-04-23,0.9643,0.9643,-0.35,0.9643
654,2020-04-22,0.9677,0.9677,-0.06,0.9677
655,2020-04-21,0.9683,0.9683,-0.39,0.9683
656,2020-04-20,0.9721,0.9721,-0.29,0.9721
657,2020-04-17,0.9749,0.9749,0.79,0.9749
658,2020-04-16,0.9673,0.9673,-0.26,0.9673
659,2020-04-15,0.9698,0.9698,-0.53,0.9698
660,2020-04-14,0.975,0.975,1.16,0.975
661,2020-04-13,0.9638,0.9638,-0.72,0.9638
662,2020-04-10,0.9708,0.9708,-0.03,0.9708
663,2020-04-09,0.9711,0.9711,-0.02,0.9711
664,2020-04-08,0.9713,0.9713,-0.57,0.9713
665,2020-04-07,0.9769,0.9769,1.15,0.9769
666,2020-04-03,0.9658,0.9658,-0.66,0.9658
667,2020-04-02,0.9722,0.9722,0.65,0.9722
668,2020-04-01,0.9659,0.9659,-0.06,0.9659
669,2020-03-31,0.9665,0.9665,-1.1,0.9665
670,2020-03-30,0.9772,0.9772,-0.36,0.9772
671,2020-03-27,0.9807,0.9807,0.33,0.9807
672,2020-03-26,0.9775,0.9775,0.61,0.9775
673,2020-03-25,0.9716,0.9716,1.69,0.9716
674,2020-03-24,0.9555,0.9555,2.57,0.9555
675,2020-03-23,0.9316,0.9316,-2.28,0.9316
676,2020-03-20,0.9533,0.9533,2.22,0.9533
677,2020-03-19,0.9326,0.9326,-2.79,0.9326
678,2020-03-18,0.9594,0.9594,-2.31,0.9594
679,2020-03-17,0.9821,0.9821,-0.21,0.9821
680,2020-03-16,0.9842,0.9842,-2.91,0.9842
681,2020-03-13,1.0137,1.0137,-0.97,1.0137
682,2020-03-12,1.0236,1.0236,-0.54,1.0236
683,2020-03-11,1.0292,1.0292,-0.87,1.0292
684,2020-03-10,1.0382,1.0382,1.09,1.0382
685,2020-03-09,1.027,1.027,-2.52,1.027
686,2020-03-06,1.0536,1.0536,-1.54,1.0536
687,2020-03-05,1.0701,1.0701,2.6,1.0701
688,2020-03-04,1.043,1.043,0.18,1.043
689,2020-03-03,1.0411,1.0411,0.2,1.0411
690,2020-03-02,1.039,1.039,1.83,1.039
691,2020-02-28,1.0203,1.0203,-2.64,1.0203
692,2020-02-27,1.048,1.048,0.54,1.048
693,2020-02-26,1.0424,1.0424,0.37,1.0424
694,2020-02-25,1.0386,1.0386,-0.98,1.0386
695,2020-02-24,1.0489,1.0489,-1.18,1.0489
696,2020-02-21,1.0614,1.0614,-0.24,1.0614
697,2020-02-20,1.064,1.064,1.26,1.064
698,2020-02-19,1.0508,1.0508,-0.03,1.0508
699,2020-02-18,1.0511,1.0511,-0.97,1.0511
700,2020-02-17,1.0614,1.0614,1.76,1.0614
701,2020-02-14,1.043,1.043,0.89,1.043
702,2020-02-13,1.0338,1.0338,-0.81,1.0338
703,2020-02-12,1.0422,1.0422,0.18,1.0422
704,2020-02-11,1.0403,1.0403,1.05,1.0403
705,2020-02-10,1.0295,1.0295,-0.43,1.0295
706,2020-02-07,1.0339,1.0339,-0.41,1.0339
707,2020-02-06,1.0382,1.0382,0.68,1.0382
708,2020-02-05,1.0312,1.0312,-0.05,1.0312
709,2020-02-04,1.0317,1.0317,2.09,1.0317
710,2020-02-03,1.0106,1.0106,-6.62,1.0106
711,2020-01-23,1.0822,1.0822,-2.36,1.0822
712,2020-01-22,1.1083,1.1083,-0.05,1.1083
713,2020-01-21,1.1089,1.1089,-1.4,1.1089
714,2020-01-20,1.1246,1.1246,0.53,1.1246
715,2020-01-17,1.1187,1.1187,0.01,1.1187
716,2020-01-16,1.1186,1.1186,-0.67,1.1186
717,2020-01-15,1.1261,1.1261,-1.08,1.1261
718,2020-01-14,1.1384,1.1384,-0.25,1.1384
719,2020-01-13,1.1413,1.1413,0.26,1.1413
720,2020-01-10,1.1383,1.1383,-0.04,1.1383
721,2020-01-09,1.1388,1.1388,0.52,1.1388
722,2020-01-08,1.1329,1.1329,-1.6,1.1329
723,2020-01-07,1.1513,1.1513,0.46,1.1513
724,2020-01-06,1.146,1.146,-0.68,1.146
725,2020-01-03,1.1539,1.1539,0.24,1.1539
726,2020-01-02,1.1511,1.1511,1.6,1.1511
727,2019-12-31,1.133,1.133,-0.06,1.133
728,2019-12-30,1.1337,1.1337,-0.09,1.1337
729,2019-12-27,1.1347,1.1347,0.11,1.1347
730,2019-12-26,1.1334,1.1334,0.75,1.1334
731,2019-12-25,1.125,1.125,-0.45,1.125
732,2019-12-24,1.1301,1.1301,0.59,1.1301
733,2019-12-23,1.1235,1.1235,-1.1,1.1235
734,2019-12-20,1.136,1.136,0.01,1.136
735,2019-12-19,1.1359,1.1359,0.15,1.1359
736,2019-12-18,1.1342,1.1342,0.11,1.1342
737,2019-12-17,1.133,1.133,1.4,1.133
738,2019-12-16,1.1174,1.1174,-0.25,1.1174
739,2019-12-13,1.1202,1.1202,1.91,1.1202
740,2019-12-12,1.0992,1.0992,-0.26,1.0992
741,2019-12-11,1.1021,1.1021,1.1,1.1021
742,2019-12-10,1.0901,1.0901,-0.37,1.0901
743,2019-12-09,1.0942,1.0942,-0.16,1.0942
744,2019-12-06,1.096,1.096,0.1,1.096
745,2019-12-05,1.0949,1.0949,0.5,1.0949
746,2019-12-04,1.0895,1.0895,-0.53,1.0895
747,2019-12-03,1.0953,1.0953,0.36,1.0953
748,2019-12-02,1.0914,1.0914,0.07,1.0914
749,2019-11-29,1.0906,1.0906,-0.6,1.0906
750,2019-11-28,1.0972,1.0972,-0.39,1.0972
751,2019-11-27,1.1015,1.1015,0.08,1.1015
752,2019-11-26,1.1006,1.1006,-0.61,1.1006
753,2019-11-25,1.1074,1.1074,1.19,1.1074
754,2019-11-22,1.0944,1.0944,-0.37,1.0944
755,2019-11-21,1.0985,1.0985,-0.25,1.0985
756,2019-11-20,1.1013,1.1013,-1.78,1.1013
757,2019-11-19,1.1213,1.1213,-0.05,1.1213
758,2019-11-18,1.1219,1.1219,1.25,1.1219
759,2019-11-15,1.1081,1.1081,0.01,1.1081
760,2019-11-14,1.108,1.108,-0.52,1.108
761,2019-11-13,1.1138,1.1138,-0.43,1.1138
762,2019-11-12,1.1186,1.1186,0.19,1.1186
763,2019-11-11,1.1165,1.1165,-1.52,1.1165
764,2019-11-08,1.1337,1.1337,-1.24,1.1337
765,2019-11-07,1.1479,1.1479,-0.26,1.1479
766,2019-11-06,1.1509,1.1509,0.34,1.1509
767,2019-11-05,1.147,1.147,1.14,1.147
768,2019-11-04,1.1341,1.1341,0.54,1.1341
769,2019-11-01,1.128,1.128,2.09,1.128
770,2019-10-31,1.1049,1.1049,-0.52,1.1049
771,2019-10-30,1.1107,1.1107,-0.31,1.1107
772,2019-10-29,1.1141,1.1141,-0.27,1.1141
773,2019-10-28,1.1171,1.1171,-0.61,1.1171
774,2019-10-25,1.124,1.124,-0.25,1.124
775,2019-10-24,1.1268,1.1268,1.09,1.1268
776,2019-10-23,1.1146,1.1146,-0.01,1.1146
777,2019-10-22,1.1147,1.1147,-0.38,1.1147
778,2019-10-21,1.1189,1.1189,1.18,1.1189
779,2019-10-18,1.1058,1.1058,-1.54,1.1058
780,2019-10-17,1.1231,1.1231,-0.2,1.1231
781,2019-10-16,1.1253,1.1253,-0.4,1.1253
782,2019-10-15,1.1298,1.1298,0.18,1.1298
783,2019-10-14,1.1278,1.1278,1.96,1.1278
784,2019-10-11,1.1061,1.1061,1.98,1.1061
785,2019-10-10,1.0846,1.0846,-0.06,1.0846
786,2019-10-09,1.0852,1.0852,1.12,1.0852
787,2019-10-08,1.0732,1.0732,1.33,1.0732
788,2019-09-30,1.0591,1.0591,-0.97,1.0591
789,2019-09-27,1.0695,1.0695,0.06,1.0695
790,2019-09-26,1.0689,1.0689,1.39,1.0689
791,2019-09-25,1.0542,1.0542,0.49,1.0542
792,2019-09-24,1.0491,1.0491,-0.17,1.0491
793,2019-09-23,1.0509,1.0509,-0.91,1.0509
794,2019-09-20,1.0606,1.0606,0.49,1.0606
795,2019-09-19,1.0554,1.0554,0.16,1.0554
796,2019-09-18,1.0537,1.0537,0.06,1.0537
797,2019-09-17,1.0531,1.0531,-1.26,1.0531
798,2019-09-16,1.0665,1.0665,-0.53,1.0665
799,2019-09-12,1.0722,1.0722,0.38,1.0722
800,2019-09-11,1.0681,1.0681,0.74,1.0681
801,2019-09-10,1.0603,1.0603,-0.39,1.0603
802,2019-09-09,1.0644,1.0644,-0.32,1.0644
803,2019-09-06,1.0678,1.0678,0.66,1.0678
804,2019-09-05,1.0608,1.0608,1.23,1.0608
805,2019-09-04,1.0479,1.0479,1.56,1.0479
806,2019-09-03,1.0318,1.0318,-0.07,1.0318
807,2019-09-02,1.0325,1.0325,0.56,1.0325
808,2019-08-30,1.0267,1.0267,0.21,1.0267
809,2019-08-29,1.0246,1.0246,-0.62,1.0246
810,2019-08-28,1.031,1.031,-0.85,1.031
811,2019-08-27,1.0398,1.0398,0.44,1.0398
812,2019-08-26,1.0352,1.0352,-1.65,1.0352
813,2019-08-23,1.0526,1.0526,1.07,1.0526
814,2019-08-22,1.0415,1.0415,-0.15,1.0415
815,2019-08-21,1.0431,1.0431,-0.32,1.0431
816,2019-08-20,1.0465,1.0465,-0.18,1.0465
817,2019-08-19,1.0484,1.0484,0.47,1.0484
818,2019-08-16,1.0435,1.0435,-0.27,1.0435
819,2019-08-15,1.0463,1.0463,-0.1,1.0463
820,2019-08-14,1.0473,1.0473,-0.26,1.0473
821,2019-08-13,1.05,1.05,-1.09,1.05
822,2019-08-12,1.0616,1.0616,1.1,1.0616
823,2019-08-09,1.05,1.05,-0.11,1.05
824,2019-08-08,1.0512,1.0512,1.68,1.0512
825,2019-08-07,1.0338,1.0338,-0.28,1.0338
826,2019-08-06,1.0367,1.0367,-1.04,1.0367
827,2019-08-05,1.0476,1.0476,-1.84,1.0476
828,2019-08-02,1.0672,1.0672,-1.15,1.0672
829,2019-08-01,1.0796,1.0796,-0.88,1.0796
830,2019-07-31,1.0892,1.0892,-0.67,1.0892
831,2019-07-30,1.0965,1.0965,0.46,1.0965
832,2019-07-29,1.0915,1.0915,-0.11,1.0915
833,2019-07-26,1.0927,1.0927,-0.08,1.0927
834,2019-07-25,1.0936,1.0936,1.48,1.0936
835,2019-07-24,1.0777,1.0777,0.57,1.0777
836,2019-07-23,1.0716,1.0716,0.18,1.0716
837,2019-07-22,1.0697,1.0697,-0.25,1.0697
838,2019-07-19,1.0724,1.0724,1.27,1.0724
839,2019-07-18,1.059,1.059,-0.08,1.059
840,2019-07-17,1.0599,1.0599,-0.39,1.0599
841,2019-07-16,1.0641,1.0641,-0.16,1.0641
842,2019-07-15,1.0658,1.0658,-0.14,1.0658
843,2019-07-12,1.0673,1.0673,1.32,1.0673
844,2019-07-11,1.0534,1.0534,0.43,1.0534
845,2019-07-10,1.0489,1.0489,-0.47,1.0489
846,2019-07-09,1.0539,1.0539,-0.29,1.0539
847,2019-07-08,1.057,1.057,-1.81,1.057
848,2019-07-05,1.0765,1.0765,-0.02,1.0765
849,2019-07-04,1.0767,1.0767,-0.11,1.0767
850,2019-07-03,1.0779,1.0779,-0.25,1.0779
851,2019-07-02,1.0806,1.0806,-0.04,1.0806
852,2019-07-01,1.081,1.081,1.28,1.081
853,2019-06-30,1.0672,1.0672,,1.0672
854,2019-06-28,1.0673,1.0673,-0.31,1.0673
855,2019-06-27,1.0706,1.0706,0.94,1.0706
856,2019-06-26,1.0606,1.0606,-0.29,1.0606
857,2019-06-25,1.0637,1.0637,-2.12,1.0637
858,2019-06-24,1.0867,1.0867,0.21,1.0867
859,2019-06-21,1.0844,1.0844,-0.84,1.0844
860,2019-06-20,1.0936,1.0936,2.46,1.0936
861,2019-06-19,1.0673,1.0673,1.1,1.0673
862,2019-06-18,1.0557,1.0557,0.44,1.0557
863,2019-06-17,1.0511,1.0511,0.41,1.0511
864,2019-06-14,1.0468,1.0468,-0.14,1.0468
865,2019-06-13,1.0483,1.0483,-0.18,1.0483
866,2019-06-12,1.0502,1.0502,-0.16,1.0502
867,2019-06-11,1.0519,1.0519,1.24,1.0519
868,2019-06-10,1.039,1.039,1.33,1.039
869,2019-06-06,1.0254,1.0254,-0.03,1.0254
870,2019-06-05,1.0257,1.0257,0.34,1.0257
871,2019-06-04,1.0222,1.0222,-0.09,1.0222
872,2019-06-03,1.0231,1.0231,0.45,1.0231
873,2019-05-31,1.0185,1.0185,-0.33,1.0185
874,2019-05-30,1.0219,1.0219,-0.04,1.0219
875,2019-05-29,1.0223,1.0223,-0.84,1.0223
876,2019-05-28,1.031,1.031,0.61,1.031
877,2019-05-27,1.0248,1.0248,0.22,1.0248
878,2019-05-24,1.0225,1.0225,0.59,1.0225
879,2019-05-23,1.0165,1.0165,-0.58,1.0165
880,2019-05-22,1.0224,1.0224,-0.27,1.0224
881,2019-05-21,1.0252,1.0252,0.71,1.0252
882,2019-05-20,1.018,1.018,0.08,1.018
883,2019-05-17,1.0172,1.0172,-1.21,1.0172
884,2019-05-16,1.0297,1.0297,0.05,1.0297
885,2019-05-15,1.0292,1.0292,1.61,1.0292
886,2019-05-14,1.0129,1.0129,-0.37,1.0129
887,2019-05-13,1.0167,1.0167,-1.47,1.0167
888,2019-05-10,1.0319,1.0319,2.14,1.0319
889,2019-05-09,1.0103,1.0103,-1.93,1.0103
890,2019-05-08,1.0302,1.0302,-1.62,1.0302
891,2019-05-07,1.0472,1.0472,-0.18,1.0472
892,2019-05-06,1.0491,1.0491,-2.71,1.0491
893,2019-04-30,1.0783,1.0783,0.33,1.0783
894,2019-04-29,1.0748,1.0748,1.73,1.0748
895,2019-04-26,1.0565,1.0565,-1.62,1.0565
896,2019-04-25,1.0739,1.0739,-1.03,1.0739
897,2019-04-24,1.0851,1.0851,0.25,1.0851
898,2019-04-23,1.0824,1.0824,0.18,1.0824
899,2019-04-22,1.0805,1.0805,-2.82,1.0805
900,2019-04-19,1.1118,1.1118,0.74,1.1118
901,2019-04-18,1.1036,1.1036,-0.78,1.1036
902,2019-04-17,1.1123,1.1123,-0.58,1.1123
903,2019-04-16,1.1188,1.1188,4.05,1.1188
904,2019-04-15,1.0753,1.0753,0.5,1.0753
905,2019-04-12,1.0699,1.0699,0.01,1.0699
906,2019-04-11,1.0698,1.0698,-0.73,1.0698
907,2019-04-10,1.0777,1.0777,-0.31,1.0777
908,2019-04-09,1.0811,1.0811,-1.11,1.0811
909,2019-04-08,1.0932,1.0932,0.73,1.0932
910,2019-04-04,1.0853,1.0853,1.65,1.0853
911,2019-04-03,1.0677,1.0677,0.7,1.0677
912,2019-04-02,1.0603,1.0603,0.26,1.0603
913,2019-04-01,1.0576,1.0576,1.71,1.0576
914,2019-03-29,1.0398,1.0398,2.97,1.0398
915,2019-03-28,1.0098,1.0098,-0.56,1.0098
916,2019-03-27,1.0155,1.0155,0.9,1.0155
917,2019-03-26,1.0064,1.0064,-0.18,1.0064
918,2019-03-25,1.0082,1.0082,-2.66,1.0082
919,2019-03-22,1.0358,1.0358,-0.22,1.0358
920,2019-03-21,1.0381,1.0381,-0.72,1.0381
921,2019-03-20,1.0456,1.0456,0.13,1.0456
922,2019-03-19,1.0442,1.0442,-0.49,1.0442
923,2019-03-18,1.0493,1.0493,1.73,1.0493
924,2019-03-15,1.0315,1.0315,0.39,1.0315
925,2019-03-14,1.0275,1.0275,-0.06,1.0275
926,2019-03-13,1.0281,1.0281,0.07,1.0281
927,2019-03-12,1.0274,1.0274,0.35,1.0274
928,2019-03-11,1.0238,1.0238,0.33,1.0238
929,2019-03-08,1.0204,1.0204,-3.74,1.0204
930,2019-03-07,1.0601,1.0601,-1.57,1.0601
931,2019-03-06,1.077,1.077,0.38,1.077
932,2019-03-05,1.0729,1.0729,-0.4,1.0729
933,2019-03-04,1.0772,1.0772,0.54,1.0772
934,2019-03-01,1.0714,1.0714,3.21,1.0714
935,2019-02-28,1.0381,1.0381,-0.42,1.0381
936,2019-02-27,1.0425,1.0425,1.59,1.0425
937,2019-02-26,1.0262,1.0262,-2.3,1.0262
938,2019-02-25,1.0504,1.0504,6.64,1.0504
939,2019-02-22,0.985,0.985,1.34,0.985
940,2019-02-21,0.972,0.972,-0.46,0.972
941,2019-02-20,0.9765,0.9765,0.15,0.9765
942,2019-02-19,0.975,0.975,-0.14,0.975
943,2019-02-18,0.9764,0.9764,1.89,0.9764
944,2019-02-15,0.9583,0.9583,-1.91,0.9583
945,2019-02-14,0.977,0.977,-0.53,0.977
946,2019-02-13,0.9822,0.9822,1.39,0.9822
947,2019-02-12,0.9687,0.9687,0.07,0.9687
948,2019-02-11,0.968,0.968,-0.08,0.968
949,2019-02-01,0.9688,0.9688,0.1,0.9688
950,2019-01-31,0.9678,0.9678,1.78,0.9678
951,2019-01-30,0.9509,0.9509,-0.36,0.9509
952,2019-01-29,0.9543,0.9543,0.71,0.9543
953,2019-01-28,0.9476,0.9476,-0.09,0.9476
954,2019-01-25,0.9485,0.9485,1.6,0.9485
955,2019-01-24,0.9336,0.9336,0.82,0.9336
956,2019-01-23,0.926,0.926,0.28,0.926
957,2019-01-22,0.9234,0.9234,-0.78,0.9234
958,2019-01-21,0.9307,0.9307,0.22,0.9307
959,2019-01-18,0.9287,0.9287,1.8,0.9287
960,2019-01-17,0.9123,0.9123,-0.51,0.9123
961,2019-01-16,0.917,0.917,0.2,0.917
962,2019-01-15,0.9152,0.9152,1.05,0.9152
963,2019-01-14,0.9057,0.9057,-0.66,0.9057
964,2019-01-11,0.9117,0.9117,0.86,0.9117
965,2019-01-10,0.9039,0.9039,-0.26,0.9039
966,2019-01-09,0.9063,0.9063,0.83,0.9063
967,2019-01-08,0.8988,0.8988,-0.43,0.8988
968,2019-01-07,0.9027,0.9027,-0.23,0.9027
969,2019-01-04,0.9048,0.9048,2.03,0.9048
970,2019-01-03,0.8868,0.8868,0.91,0.8868
971,2019-01-02,0.8788,0.8788,-1.68,0.8788
972,2018-12-31,0.8938,0.8938,,0.8938
973,2018-12-28,0.8938,0.8938,0.93,0.8938
974,2018-12-27,0.8856,0.8856,0.16,0.8856
975,2018-12-26,0.8842,0.8842,-0.32,0.8842
976,2018-12-25,0.887,0.887,-0.36,0.887
977,2018-12-24,0.8902,0.8902,-0.21,0.8902
978,2018-12-21,0.8921,0.8921,-1.05,0.8921
979,2018-12-20,0.9016,0.9016,-1.81,0.9016
980,2018-12-19,0.9182,0.9182,-1.08,0.9182
981,2018-12-18,0.9282,0.9282,-1.01,0.9282
982,2018-12-17,0.9377,0.9377,0.33,0.9377
983,2018-12-14,0.9346,0.9346,-1.13,0.9346
984,2018-12-13,0.9453,0.9453,0.69,0.9453
985,2018-12-12,0.9388,0.9388,0.14,0.9388
986,2018-12-11,0.9375,0.9375,0.01,0.9375
987,2018-12-10,0.9374,0.9374,-0.92,0.9374
988,2018-12-07,0.9461,0.9461,-0.14,0.9461
989,2018-12-06,0.9474,0.9474,-1.17,0.9474
990,2018-12-05,0.9586,0.9586,-0.69,0.9586
991,2018-12-04,0.9653,0.9653,0.32,0.9653
992,2018-12-03,0.9622,0.9622,1.8,0.9622
993,2018-11-30,0.9452,0.9452,0.85,0.9452
994,2018-11-29,0.9372,0.9372,-0.55,0.9372
995,2018-11-28,0.9424,0.9424,0.72,0.9424
996,2018-11-27,0.9357,0.9357,-0.52,0.9357
997,2018-11-26,0.9406,0.9406,0.44,0.9406
998,2018-11-23,0.9365,0.9365,-1.27,0.9365
999,2018-11-22,0.9485,0.9485,-0.37,0.9485
1000,2018-11-21,0.952,0.952,0.11,0.952
1001,2018-11-20,0.951,0.951,-1.47,0.951
1002,2018-11-19,0.9652,0.9652,1.38,0.9652
1003,2018-11-16,0.9521,0.9521,0.04,0.9521
1004,2018-11-15,0.9517,0.9517,0.85,0.9517
1005,2018-11-14,0.9437,0.9437,-1.16,0.9437
1006,2018-11-13,0.9548,0.9548,0.35,0.9548
1007,2018-11-12,0.9515,0.9515,0.33,0.9515
1008,2018-11-09,0.9484,0.9484,-3.04,0.9484
1009,2018-11-08,0.9781,0.9781,0.66,0.9781
1010,2018-11-07,0.9717,0.9717,-0.43,0.9717
1011,2018-11-06,0.9759,0.9759,-0.69,0.9759
1012,2018-11-05,0.9827,0.9827,-1.05,0.9827
1013,2018-11-02,0.9931,0.9931,2.21,0.9931
1014,2018-11-01,0.9716,0.9716,-0.82,0.9716
1015,2018-10-31,0.9796,0.9796,0.18,0.9796
1016,2018-10-30,0.9778,0.9778,1.56,0.9778
1017,2018-10-29,0.9628,0.9628,-1.91,0.9628
1018,2018-10-26,0.9815,0.9815,-0.21,0.9815
1019,2018-10-25,0.9836,0.9836,1.02,0.9836
1020,2018-10-24,0.9737,0.9737,1.98,0.9737
1021,2018-10-23,0.9548,0.9548,-2.27,0.9548
1022,2018-10-22,0.977,0.977,2.7,0.977
1023,2018-10-19,0.9513,0.9513,3.11,0.9513
1024,2018-10-18,0.9226,0.9226,-1.92,0.9226
1025,2018-10-17,0.9407,0.9407,0.73,0.9407
1026,2018-10-16,0.9339,0.9339,0.65,0.9339
1027,2018-10-15,0.9279,0.9279,-1.2,0.9279
1028,2018-10-12,0.9392,0.9392,2.01,0.9392
1029,2018-10-11,0.9207,0.9207,-3.74,0.9207
1030,2018-10-10,0.9565,0.9565,0.54,0.9565
1031,2018-10-09,0.9514,0.9514,-0.16,0.9514
1032,2018-10-08,0.9529,0.9529,-3.56,0.9529
1033,2018-09-28,0.9881,0.9881,1.27,0.9881
1034,2018-09-27,0.9757,0.9757,0.0,0.9757
1035,2018-09-26,0.9757,0.9757,1.1,0.9757
1036,2018-09-25,0.9651,0.9651,-1.32,0.9651
1037,2018-09-21,0.978,0.978,3.98,0.978
1038,2018-09-20,0.9406,0.9406,0.42,0.9406
1039,2018-09-19,0.9367,0.9367,0.5,0.9367
1040,2018-09-18,0.932,0.932,1.61,0.932
1041,2018-09-17,0.9172,0.9172,-0.93,0.9172
1042,2018-09-14,0.9258,0.9258,-0.17,0.9258
1043,2018-09-13,0.9274,0.9274,1.29,0.9274
1044,2018-09-12,0.9156,0.9156,0.11,0.9156
1045,2018-09-11,0.9146,0.9146,-0.76,0.9146
1046,2018-09-10,0.9216,0.9216,-0.44,0.9216
1047,2018-09-07,0.9257,0.9257,0.43,0.9257
1048,2018-09-06,0.9217,0.9217,-0.38,0.9217
1049,2018-09-05,0.9252,0.9252,-2.15,0.9252
1050,2018-09-04,0.9455,0.9455,1.14,0.9455
1051,2018-09-03,0.9348,0.9348,-0.15,0.9348
1052,2018-08-31,0.9362,0.9362,0.87,0.9362
1053,2018-08-30,0.9281,0.9281,-1.22,0.9281
1054,2018-08-29,0.9396,0.9396,-0.18,0.9396
1055,2018-08-28,0.9413,0.9413,-0.3,0.9413
1056,2018-08-27,0.9441,0.9441,1.28,0.9441
1057,2018-08-24,0.9322,0.9322,2.05,0.9322
1058,2018-08-23,0.9135,0.9135,0.31,0.9135
1059,2018-08-22,0.9107,0.9107,-0.35,0.9107
1060,2018-08-21,0.9139,0.9139,0.68,0.9139
1061,2018-08-20,0.9077,0.9077,1.52,0.9077
1062,2018-08-17,0.8941,0.8941,-0.69,0.8941
1063,2018-08-16,0.9003,0.9003,0.26,0.9003
1064,2018-08-15,0.898,0.898,-1.83,0.898
1065,2018-08-14,0.9147,0.9147,-0.27,0.9147
1066,2018-08-13,0.9172,0.9172,-1.49,0.9172
1067,2018-08-10,0.9311,0.9311,-0.63,0.9311
1068,2018-08-09,0.937,0.937,1.45,0.937
1069,2018-08-08,0.9236,0.9236,-1.07,0.9236
1070,2018-08-07,0.9336,0.9336,2.04,0.9336
1071,2018-08-06,0.9149,0.9149,0.55,0.9149
1072,2018-08-03,0.9099,0.9099,0.12,0.9099
1073,2018-08-02,0.9088,0.9088,-1.95,0.9088
1074,2018-08-01,0.9269,0.9269,-1.86,0.9269
1075,2018-07-31,0.9445,0.9445,0.23,0.9445
1076,2018-07-30,0.9423,0.9423,1.12,0.9423
1077,2018-07-27,0.9319,0.9319,-0.11,0.9319
1078,2018-07-26,0.9329,0.9329,-0.59,0.9329
1079,2018-07-25,0.9384,0.9384,0.17,0.9384
1080,2018-07-24,0.9368,0.9368,0.44,0.9368
1081,2018-07-23,0.9327,0.9327,1.75,0.9327
1082,2018-07-20,0.9167,0.9167,4.31,0.9167
1083,2018-07-19,0.8788,0.8788,-0.07,0.8788
1084,2018-07-18,0.8794,0.8794,-0.19,0.8794
1085,2018-07-17,0.8811,0.8811,-0.41,0.8811
1086,2018-07-16,0.8847,0.8847,-1.6,0.8847
1087,2018-07-13,0.8991,0.8991,-0.23,0.8991
1088,2018-07-12,0.9012,0.9012,1.82,0.9012
1089,2018-07-11,0.8851,0.8851,-1.21,0.8851
1090,2018-07-10,0.8959,0.8959,-0.27,0.8959
1091,2018-07-09,0.8983,0.8983,3.29,0.8983
1092,2018-07-06,0.8697,0.8697,0.67,0.8697
1093,2018-07-05,0.8639,0.8639,0.62,0.8639
1094,2018-07-04,0.8586,0.8586,-0.28,0.8586
1095,2018-07-03,0.861,0.861,0.5,0.861
1096,2018-07-02,0.8567,0.8567,-3.27,0.8567
1097,2018-06-30,0.8856,0.8856,,0.8856
1098,2018-06-29,0.8857,0.8857,1.43,0.8857
1099,2018-06-28,0.8732,0.8732,-0.68,0.8732
1100,2018-06-27,0.8792,0.8792,-1.42,0.8792
1101,2018-06-26,0.8919,0.8919,-1.65,0.8919
1102,2018-06-25,0.9069,0.9069,-1.95,0.9069
1103,2018-06-22,0.9249,0.9249,-0.04,0.9249
1104,2018-06-21,0.9253,0.9253,-0.13,0.9253
1105,2018-06-20,0.9265,0.9265,-0.69,0.9265
1106,2018-06-19,0.9329,0.9329,-1.06,0.9329
1107,2018-06-15,0.9429,0.9429,0.84,0.9429
1108,2018-06-14,0.935,0.935,0.15,0.935
1109,2018-06-13,0.9336,0.9336,-0.52,0.9336
1110,2018-06-12,0.9385,0.9385,-0.01,0.9385
1111,2018-06-11,0.9386,0.9386,0.21,0.9386
1112,2018-06-08,0.9366,0.9366,-1.77,0.9366
1113,2018-06-07,0.9535,0.9535,0.39,0.9535
1114,2018-06-06,0.9498,0.9498,-0.79,0.9498
1115,2018-06-05,0.9574,0.9574,-0.24,0.9574
1116,2018-06-04,0.9597,0.9597,0.95,0.9597
1117,2018-06-01,0.9507,0.9507,-0.03,0.9507
1118,2018-05-31,0.951,0.951,0.98,0.951
1119,2018-05-30,0.9418,0.9418,-2.04,0.9418
1120,2018-05-29,0.9614,0.9614,-0.2,0.9614
1121,2018-05-28,0.9633,0.9633,-0.35,0.9633
1122,2018-05-25,0.9667,0.9667,0.08,0.9667
1123,2018-05-24,0.9659,0.9659,-0.62,0.9659
1124,2018-05-23,0.9719,0.9719,-1.19,0.9719
1125,2018-05-22,0.9836,0.9836,-0.83,0.9836
1126,2018-05-21,0.9918,0.9918,0.05,0.9918
1127,2018-05-18,0.9913,0.9913,1.29,0.9913
1128,2018-05-17,0.9787,0.9787,-0.21,0.9787
1129,2018-05-16,0.9808,0.9808,-1.38,0.9808
1130,2018-05-15,0.9945,0.9945,-0.32,0.9945
1131,2018-05-14,0.9977,0.9977,0.81,0.9977
1132,2018-05-11,0.9897,0.9897,0.45,0.9897
1133,2018-05-10,0.9853,0.9853,0.14,0.9853
1134,2018-05-09,0.9839,0.9839,0.02,0.9839
1135,2018-05-08,0.9837,0.9837,1.29,0.9837
1136,2018-05-07,0.9712,0.9712,0.6,0.9712
1137,2018-05-04,0.9654,0.9654,-0.75,0.9654
1138,2018-05-03,0.9727,0.9727,-0.35,0.9727
1139,2018-05-02,0.9761,0.9761,-0.3,0.9761
1140,2018-04-27,0.979,0.979,0.54,0.979
1141,2018-04-26,0.9737,0.9737,-0.48,0.9737
1142,2018-04-25,0.9784,0.9784,-1.02,0.9784
1143,2018-04-24,0.9885,0.9885,1.75,0.9885
1144,2018-04-23,0.9715,0.9715,0.32,0.9715
1145,2018-04-20,0.9684,0.9684,-0.78,0.9684
1146,2018-04-19,0.976,0.976,0.31,0.976
1147,2018-04-18,0.973,0.973,1.1,0.973
1148,2018-04-17,0.9624,0.9624,-0.47,0.9624
1149,2018-04-16,0.9669,0.9669,-2.81,0.9669
1150,2018-04-13,0.9949,0.9949,-0.72,0.9949
1151,2018-04-12,1.0021,1.0021,-1.48,1.0021
1152,2018-04-11,1.0172,1.0172,1.07,1.0172
1153,2018-04-10,1.0064,1.0064,2.98,1.0064
1154,2018-04-09,0.9773,0.9773,0.01,0.9773
1155,2018-04-04,0.9772,0.9772,-0.05,0.9772
1156,2018-04-03,0.9777,0.9777,-0.78,0.9777
1157,2018-04-02,0.9854,0.9854,-0.73,0.9854
1158,2018-03-30,0.9926,0.9926,-0.81,0.9926
1159,2018-03-29,1.0007,1.0007,1.49,1.0007
1160,2018-03-28,0.986,0.986,-0.07,0.986
1161,2018-03-27,0.9867,0.9867,-0.19,0.9867
1162,2018-03-26,0.9886,0.9886,-2.41,0.9886
1163,2018-03-23,1.013,1.013,-2.47,1.013
1164,2018-03-22,1.0387,1.0387,-0.49,1.0387
1165,2018-03-21,1.0438,1.0438,0.08,1.0438
1166,2018-03-20,1.043,1.043,0.5,1.043
1167,2018-03-19,1.0378,1.0378,0.46,1.0378
1168,2018-03-16,1.033,1.033,-1.01,1.033
1169,2018-03-15,1.0435,1.0435,-0.03,1.0435
1170,2018-03-14,1.0438,1.0438,-0.91,1.0438
1171,2018-03-13,1.0534,1.0534,0.02,1.0534
1172,2018-03-12,1.0532,1.0532,-0.44,1.0532
1173,2018-03-09,1.0579,1.0579,0.12,1.0579
1174,2018-03-08,1.0566,1.0566,-0.02,1.0566
1175,2018-03-07,1.0568,1.0568,0.53,1.0568
1176,2018-03-06,1.0512,1.0512,0.28,1.0512
1177,2018-03-05,1.0483,1.0483,-0.23,1.0483
1178,2018-03-02,1.0507,1.0507,-0.74,1.0507
1179,2018-03-01,1.0585,1.0585,0.24,1.0585
1180,2018-02-28,1.056,1.056,-1.36,1.056
1181,2018-02-27,1.0706,1.0706,-2.03,1.0706
1182,2018-02-26,1.0928,1.0928,0.01,1.0928
1183,2018-02-23,1.0927,1.0927,0.84,1.0927
1184,2018-02-22,1.0836,1.0836,1.91,1.0836
1185,2018-02-14,1.0633,1.0633,0.24,1.0633
1186,2018-02-13,1.0608,1.0608,1.48,1.0608
1187,2018-02-12,1.0453,1.0453,-1.07,1.0453
1188,2018-02-09,1.0566,1.0566,-3.27,1.0566
1189,2018-02-08,1.0923,1.0923,-3.34,1.0923
1190,2018-02-07,1.1301,1.1301,-3.2,1.1301
1191,2018-02-06,1.1674,1.1674,-1.66,1.1674
1192,2018-02-05,1.1871,1.1871,3.41,1.1871
1193,2018-02-02,1.148,1.148,-0.4,1.148
1194,2018-02-01,1.1526,1.1526,1.03,1.1526
1195,2018-01-31,1.1409,1.1409,1.71,1.1409
1196,2018-01-30,1.1217,1.1217,-1.83,1.1217
1197,2018-01-29,1.1426,1.1426,-0.56,1.1426
1198,2018-01-26,1.149,1.149,0.18,1.149
1199,2018-01-25,1.1469,1.1469,-0.79,1.1469
1200,2018-01-24,1.156,1.156,0.6,1.156
1201,2018-01-23,1.1491,1.1491,3.22,1.1491
1202,2018-01-22,1.1133,1.1133,-1.0,1.1133
1203,2018-01-19,1.1245,1.1245,0.98,1.1245
1204,2018-01-18,1.1136,1.1136,2.06,1.1136
1205,2018-01-17,1.0911,1.0911,1.06,1.0911
1206,2018-01-16,1.0797,1.0797,0.36,1.0797
1207,2018-01-15,1.0758,1.0758,1.53,1.0758
1208,2018-01-12,1.0596,1.0596,0.45,1.0596
1209,2018-01-11,1.0549,1.0549,0.4,1.0549
1210,2018-01-10,1.0507,1.0507,2.13,1.0507
1211,2018-01-09,1.0288,1.0288,0.02,1.0288
1212,2018-01-08,1.0286,1.0286,-0.33,1.0286
1213,2018-01-05,1.032,1.032,0.31,1.032
1214,2018-01-04,1.0288,1.0288,-0.3,1.0288
1215,2018-01-03,1.0319,1.0319,0.25,1.0319
1216,2018-01-02,1.0293,1.0293,1.25,1.0293
1217,2017-12-31,1.0163,1.0163,,1.0163
1218,2017-12-29,1.0166,1.0166,0.71,1.0166
1219,2017-12-28,1.0094,1.0094,-0.25,1.0094
1220,2017-12-27,1.0119,1.0119,-1.13,1.0119
1221,2017-12-26,1.0235,1.0235,1.15,1.0235
1222,2017-12-25,1.0119,1.0119,-0.05,1.0119
1223,2017-12-22,1.0124,1.0124,-0.64,1.0124
1224,2017-12-21,1.0189,1.0189,0.18,1.0189
1225,2017-12-20,1.0171,1.0171,-0.05,1.0171
1226,2017-12-19,1.0176,1.0176,1.57,1.0176
1227,2017-12-18,1.0019,1.0019,0.29,1.0019
1228,2017-12-15,0.999,0.999,-1.17,0.999
1229,2017-12-14,1.0108,1.0108,-0.41,1.0108
1230,2017-12-13,1.015,1.015,0.47,1.015
1231,2017-12-12,1.0103,1.0103,-1.41,1.0103
1232,2017-12-11,1.0248,1.0248,0.34,1.0248
1233,2017-12-08,1.0213,1.0213,-0.14,1.0213
1234,2017-12-07,1.0227,1.0227,-0.91,1.0227
1235,2017-12-06,1.0321,1.0321,-1.06,1.0321
1236,2017-12-05,1.0432,1.0432,1.75,1.0432
1237,2017-12-04,1.0253,1.0253,0.19,1.0253
1238,2017-12-01,1.0234,1.0234,-0.64,1.0234
1239,2017-11-30,1.03,1.03,-0.42,1.03
1240,2017-11-29,1.0343,1.0343,0.15,1.0343
1241,2017-11-28,1.0327,1.0327,-1.42,1.0327
1242,2017-11-27,1.0476,1.0476,-0.64,1.0476
1243,2017-11-24,1.0544,1.0544,0.26,1.0544
1244,2017-11-23,1.0517,1.0517,-1.41,1.0517
1245,2017-11-22,1.0667,1.0667,2.38,1.0667
1246,2017-11-21,1.0419,1.0419,0.4,1.0419
1247,2017-11-20,1.0377,1.0377,1.6,1.0377
1248,2017-11-17,1.0214,1.0214,2.81,1.0214
1249,2017-11-16,0.9935,0.9935,-0.58,0.9935
1250,2017-11-15,0.9993,0.9993,-0.2,0.9993
1251,2017-11-14,1.0013,1.0013,-0.31,1.0013
1252,2017-11-13,1.0044,1.0044,1.42,1.0044
1253,2017-11-10,0.9903,0.9903,-0.49,0.9903
1254,2017-11-09,0.9952,0.9952,-0.37,0.9952
1255,2017-11-08,0.9989,0.9989,0.32,0.9989
1256,2017-11-07,0.9957,0.9957,1.28,0.9957
1257,2017-11-06,0.9831,0.9831,-0.99,0.9831
1258,2017-11-03,0.9929,0.9929,0.0,0.9929
1259,2017-11-02,0.9929,0.9929,0.09,0.9929
1260,2017-11-01,0.992,0.992,-0.63,0.992
1261,2017-10-31,0.9983,0.9983,-0.94,0.9983
1262,2017-10-30,1.0078,1.0078,-0.25,1.0078
1263,2017-10-27,1.0103,1.0103,1.78,1.0103
1264,2017-10-26,0.9926,0.9926,-0.86,0.9926
1265,2017-10-25,1.0012,1.0012,-0.17,1.0012
1266,2017-10-24,1.0029,1.0029,0.55,1.0029
1267,2017-10-23,0.9974,0.9974,-0.96,0.9974
1268,2017-10-20,1.0071,1.0071,-0.66,1.0071
1269,2017-10-19,1.0138,1.0138,0.03,1.0138
1270,2017-10-18,1.0135,1.0135,0.65,1.0135
1271,2017-10-17,1.007,1.007,-0.35,1.007
1272,2017-10-16,1.0105,1.0105,1.0,1.0105
1273,2017-10-13,1.0005,1.0005,-0.4,1.0005
1274,2017-10-12,1.0045,1.0045,-0.05,1.0045
1275,2017-10-11,1.005,1.005,0.16,1.005
1276,2017-10-10,1.0034,1.0034,0.64,1.0034
1277,2017-10-09,0.997,0.997,0.98,0.997
1278,2017-09-29,0.9873,0.9873,0.27,0.9873
1279,2017-09-28,0.9846,0.9846,-0.2,0.9846
1280,2017-09-27,0.9866,0.9866,-0.76,0.9866
1281,2017-09-26,0.9942,0.9942,-0.36,0.9942
1282,2017-09-25,0.9978,0.9978,0.23,0.9978
1283,2017-09-22,0.9955,0.9955,0.02,0.9955
1284,2017-09-21,0.9953,0.9953,0.67,0.9953
1285,2017-09-20,0.9887,0.9887,-0.09,0.9887
1286,2017-09-19,0.9896,0.9896,0.23,0.9896
1287,2017-09-18,0.9873,0.9873,-0.22,0.9873
1288,2017-09-15,0.9895,0.9895,-0.3,0.9895
1289,2017-09-14,0.9925,0.9925,-0.68,0.9925
1290,2017-09-13,0.9993,0.9993,-0.63,0.9993
1291,2017-09-12,1.0056,1.0056,0.34,1.0056
1292,2017-09-11,1.0022,1.0022,-0.1,1.0022
1293,2017-09-08,1.0032,1.0032,0.01,1.0032
1294,2017-09-07,1.0031,1.0031,-0.88,1.0031
1295,2017-09-06,1.012,1.012,-0.66,1.012
1296,2017-09-05,1.0187,1.0187,0.83,1.0187
1297,2017-09-04,1.0103,1.0103,0.91,1.0103
1298,2017-09-01,1.0012,1.0012,-0.64,1.0012
1299,2017-08-31,1.0076,1.0076,-1.06,1.0076
1300,2017-08-30,1.0184,1.0184,-0.85,1.0184
1301,2017-08-29,1.0271,1.0271,0.45,1.0271
1302,2017-08-28,1.0225,1.0225,0.16,1.0225
1303,2017-08-25,1.0209,1.0209,3.12,1.0209
1304,2017-08-24,0.99,0.99,-0.06,0.99
1305,2017-08-23,0.9906,0.9906,1.49,0.9906
1306,2017-08-22,0.9761,0.9761,0.69,0.9761
1307,2017-08-21,0.9694,0.9694,-0.12,0.9694
1308,2017-08-18,0.9706,0.9706,0.1,0.9706
1309,2017-08-17,0.9696,0.9696,0.28,0.9696
1310,2017-08-16,0.9669,0.9669,-0.66,0.9669
1311,2017-08-15,0.9733,0.9733,1.34,0.9733
1312,2017-08-14,0.9604,0.9604,-0.17,0.9604
1313,2017-08-11,0.962,0.962,-1.44,0.962
1314,2017-08-10,0.9761,0.9761,-0.34,0.9761
1315,2017-08-09,0.9794,0.9794,-1.55,0.9794
1316,2017-08-08,0.9948,0.9948,-0.23,0.9948
1317,2017-08-07,0.9971,0.9971,0.04,0.9971
1318,2017-08-04,0.9967,0.9967,-0.67,0.9967
1319,2017-08-03,1.0034,1.0034,-1.47,1.0034
1320,2017-08-02,1.0184,1.0184,0.56,1.0184
1321,2017-08-01,1.0127,1.0127,0.63,1.0127
1322,2017-07-31,1.0064,1.0064,-0.13,1.0064
1323,2017-07-28,1.0077,1.0077,0.08,1.0077
1324,2017-07-27,1.0069,1.0069,-0.04,1.0069
1325,2017-07-26,1.0073,1.0073,0.06,1.0073
1326,2017-07-25,1.0067,1.0067,0.12,1.0067
1327,2017-07-24,1.0055,1.0055,0.07,1.0055
1328,2017-07-21,1.0048,1.0048,-0.05,1.0048
1329,2017-07-20,1.0053,1.0053,0.02,1.0053
1330,2017-07-19,1.0051,1.0051,0.05,1.0051
1331,2017-07-18,1.0046,1.0046,,1.0046
