,代码,名称,最新价,涨跌额,涨跌幅,买入,卖出,昨收,今开,最高,最低,成交量,成交额
590,sh511990,华宝添益ETF,100.012,0.022,0.022,100.012,100.013,99.99,100.02,100.021,100.009,165352895,16538071121
599,sh511880,银华日利ETF,100.613,0.003,0.003,100.613,100.614,100.61,100.621,100.63,100.61,139307567,14017316001
507,sh513330,恒生互联网ETF,0.467,-0.005,-1.059,0.467,0.468,0.472,0.458,0.47,0.455,5926491376,2730522081
601,sh511850,财富宝ETF,100.003,0.023,0.023,100.001,100.002,99.98,100.02,100.02,99.999,26191927,2619433515
615,sh511360,短融ETF,104.547,0.012,0.011,104.546,104.547,104.535,104.554,104.573,104.539,22809700,2384896841
674,sh510050,上证50ETF,2.923,0.042,1.458,2.922,2.924,2.881,2.863,2.939,2.858,776568840,2254310098
521,sh513050,中概互联网ETF,1.031,-0.01,-0.961,1.031,1.032,1.041,1.01,1.032,1.001,2001089869,2035529308
610,sh511660,货币ETF建信添益,100.022,0.03,0.03,100.016,100.017,99.992,100.02,100.028,100.015,17081559,1708495123
656,sh510300,沪深300ETF,4.269,0.051,1.209,4.269,4.27,4.218,4.187,4.289,4.185,375247241,1594296080
536,sh512880,证券ETF,0.97,0.013,1.358,0.969,0.97,0.957,0.951,0.974,0.95,1416166041,1366689512
245,sz159601,A50ETF,0.871,0.014,1.634,0.871,0.872,0.857,0.852,0.876,0.849,1505609207,1305637065
646,sh510500,中证500ETF,7.16,0.049,0.689,7.16,7.162,7.111,7.055,7.171,7.055,182142157,1299501161
264,sh563000,中国A50ETF,0.871,0.016,1.871,0.87,0.871,0.855,0.851,0.875,0.849,1436164161,1244429291
73,sz159915,创业板ETF易方达,2.58,0.006,0.233,2.58,2.581,2.574,2.55,2.599,2.548,421010194,1086474053
46,sz159949,创业板50ETF,1.163,0.002,0.172,1.163,1.164,1.161,1.147,1.173,1.147,866410530,1008177547
427,sh515790,光伏ETF,1.403,0.0,0.0,1.402,1.403,1.403,1.388,1.424,1.381,586784462,824415876
294,sh560050,MSCI中国A50ETF,0.869,0.013,1.519,0.869,0.87,0.856,0.85,0.874,0.848,858696557,743617629
243,sz159605,中概互联ETF,0.738,-0.008,-1.072,0.738,0.739,0.746,0.719,0.739,0.711,989186810,716760245
589,sh512000,券商ETF,0.929,0.012,1.309,0.928,0.929,0.917,0.911,0.933,0.911,762245747,704769699
512,sh513180,恒生科技指数ETF,0.546,-0.006,-1.087,0.546,0.547,0.552,0.535,0.548,0.531,1231874100,663330268
297,sh518880,黄金ETF,3.853,0.02,0.522,3.853,3.854,3.833,3.85,3.863,3.85,163585500,630965155
263,sh588000,科创50ETF,1.135,-0.002,-0.176,1.134,1.135,1.137,1.128,1.141,1.121,550525565,622633011
284,sh561300,300增强ETF,0.842,0.009,1.08,0.841,0.842,0.833,0.828,0.844,0.826,662353300,555294149
248,sz159001,货币ETF,100.0,-0.001,-0.001,99.999,100.0,100.001,100.0,100.001,99.999,5404218,540421886
549,sh512690,酒ETF,0.754,0.017,2.307,0.754,0.755,0.737,0.73,0.766,0.73,678422275,511280011
483,sh515030,新能源车ETF,1.966,0.016,0.821,1.965,1.966,1.95,1.929,1.989,1.924,234286287,460796708
516,sh513100,纳指ETF,0.973,-0.01,-1.017,0.971,0.972,0.983,0.967,0.976,0.966,469600162,456108275
69,sz159920,恒生ETF,1.122,-0.001,-0.089,1.122,1.123,1.123,1.106,1.125,1.101,396952300,441375279
540,sh512800,银行ETF,1.178,0.023,1.991,1.177,1.178,1.155,1.149,1.178,1.147,366235029,428151127
70,sz159919,沪深300ETF,4.268,0.05,1.185,4.267,4.268,4.218,4.2,4.291,4.181,96429898,408452921
176,sz159781,双创50ETF,0.669,-0.003,-0.446,0.669,0.67,0.672,0.667,0.675,0.664,597173880,400079419
4,sz159995,芯片ETF,1.272,0.001,0.079,1.272,1.273,1.271,1.259,1.289,1.256,312191041,397729164
336,sh516970,基建50ETF,1.16,0.004,0.346,1.159,1.16,1.156,1.145,1.166,1.141,342099200,395973720
654,sh510330,300ETF基金,4.263,0.05,1.187,4.263,4.264,4.213,4.196,4.285,4.181,90338500,383503461
520,sh513060,恒生医疗ETF,0.52,-0.007,-1.328,0.519,0.52,0.527,0.519,0.522,0.513,725577794,375780421
626,sh510900,H股ETF,0.8,0.0,0.0,0.799,0.8,0.8,0.785,0.802,0.781,471403840,373154043
566,sh512480,半导体ETF,1.023,0.001,0.098,1.023,1.024,1.022,1.013,1.036,1.009,358163399,366514518
627,sh510880,红利ETF,3.045,0.033,1.096,3.043,3.044,3.012,3.006,3.049,2.992,120941289,365883001
588,sh512010,医药ETF,0.532,-0.003,-0.561,0.532,0.533,0.535,0.53,0.535,0.525,687371710,364827806
577,sh512200,房地产ETF,0.899,0.026,2.978,0.898,0.899,0.873,0.861,0.905,0.858,393314300,344418650
244,sz159602,中国A50ETF,0.871,0.014,1.634,0.871,0.872,0.857,0.85,0.875,0.849,371493402,322234294
515,sh513130,恒生科技ETF,0.546,-0.006,-1.087,0.546,0.547,0.552,0.538,0.549,0.531,586368600,316704822
517,sh513090,香港证券ETF,1.105,0.0,0.0,1.105,1.106,1.105,1.095,1.107,1.085,285115800,313208339
614,sh511380,可转债ETF,11.177,0.059,0.531,11.177,11.178,11.118,11.11,11.248,11.061,25840434,288576964
466,sh515220,煤炭ETF,2.297,-0.019,-0.82,2.297,2.298,2.316,2.287,2.336,2.265,121467211,279057542
543,sh512760,芯片ETF,1.173,-0.001,-0.085,1.173,1.174,1.174,1.161,1.187,1.158,233775200,274014942
552,sh512660,军工ETF,1.127,0.0,0.0,1.126,1.127,1.127,1.12,1.138,1.119,228950804,258151772
260,sh588080,科创板50ETF,1.122,0.0,0.0,1.12,1.121,1.122,1.114,1.127,1.106,219317099,245075469
580,sh512170,医疗ETF,0.557,-0.003,-0.536,0.556,0.557,0.56,0.555,0.56,0.549,439973600,244196044
174,sz159783,双创基金ETF,0.677,-0.001,-0.147,0.676,0.677,0.678,0.676,0.682,0.67,342196237,231628563
300,sh518800,黄金基金ETF,3.811,0.018,0.475,3.811,3.813,3.793,3.805,3.822,3.805,55148200,210476756
524,sh513010,恒生科技30ETF,0.547,-0.007,-1.264,0.546,0.547,0.554,0.537,0.549,0.532,385660200,207971241
280,sh561550,500增强ETF,0.913,0.008,0.884,0.911,0.913,0.905,0.903,0.913,0.899,225133800,204191631
433,sh515700,新能车ETF,2.542,0.025,0.993,2.541,2.542,2.517,2.49,2.573,2.487,75778600,192452068
655,sh510310,沪深300ETF易方达,1.988,0.026,1.325,1.988,1.989,1.962,1.954,1.997,1.947,81952500,161646417
586,sh512070,证券保险ETF,0.638,0.004,0.631,0.638,0.639,0.634,0.628,0.64,0.625,243838400,154658815
467,sh515210,钢铁ETF,1.533,0.017,1.121,1.535,1.536,1.516,1.515,1.536,1.498,100107599,152525669
177,sz159780,双创ETF,0.674,-0.004,-0.59,0.673,0.674,0.678,0.674,0.68,0.669,222923985,150304590
534,sh512900,证券ETF基金,0.965,0.015,1.579,0.965,0.966,0.95,0.946,0.968,0.944,151001500,144362241
584,sh512100,中证1000ETF,0.986,0.001,0.102,0.986,0.988,0.985,0.974,0.988,0.971,143345000,140799141
275,sh561990,沪深300增强ETF,0.864,0.008,0.935,0.863,0.864,0.856,0.85,0.869,0.848,160690500,138363862
169,sz159790,碳中和ETF,0.887,0.005,0.567,0.887,0.888,0.882,0.875,0.898,0.872,153099607,135709131
188,sz159766,旅游ETF,0.986,0.042,4.449,0.985,0.986,0.944,0.934,0.987,0.93,136988609,133347743
505,sh513500,标普500ETF,1.371,-0.016,-1.154,1.37,1.371,1.387,1.365,1.371,1.365,97352700,133194856
108,sz159869,游戏ETF,0.915,0.034,3.859,0.915,0.916,0.881,0.874,0.919,0.868,146719501,132821976
193,sz159757,电池30ETF,0.836,0.01,1.211,0.836,0.837,0.826,0.821,0.847,0.818,158154706,131860531
565,sh512500,500ETF基金,3.327,0.022,0.666,3.327,3.328,3.305,3.282,3.332,3.28,38642255,128148328
396,sh516160,新能源ETF,1.127,0.004,0.356,1.126,1.127,1.123,1.114,1.142,1.11,113145800,127569577
548,sh512700,银行ETF基金,1.244,0.024,1.967,1.244,1.245,1.22,1.217,1.246,1.212,100647886,124306139
7,sz159992,创新药ETF,1.098,-0.017,-1.525,1.098,1.099,1.115,1.102,1.103,1.089,113029709,123906445
68,sz159922,中证500ETF嘉实,6.37,0.039,0.616,6.368,6.37,6.331,6.333,6.379,6.288,19503538,123587955
144,sz159825,农业ETF,0.965,0.004,0.416,0.965,0.966,0.961,0.97,0.979,0.957,127562900,123390513
31,sz159967,创成长ETF,0.64,0.001,0.156,0.639,0.64,0.639,0.633,0.649,0.631,190553174,122105893
194,sz159755,电池ETF,1.052,0.011,1.057,1.052,1.053,1.041,1.025,1.066,1.025,112661801,118288620
495,sh513770,港股互联网ETF,0.798,-0.008,-0.993,0.798,0.799,0.806,0.79,0.801,0.776,146943900,115908089
111,sz159865,养殖ETF,0.891,0.004,0.451,0.89,0.891,0.887,0.89,0.904,0.877,129833503,115733864
241,sz159607,中概互联网ETF,0.74,-0.009,-1.202,0.74,0.741,0.749,0.72,0.741,0.714,156708115,113973558
527,sh512980,传媒ETF,0.691,0.021,3.134,0.69,0.691,0.67,0.662,0.691,0.657,167117081,113829639
262,sh588050,科创ETF,1.125,0.0,0.0,1.124,1.125,1.125,1.12,1.13,1.11,99471980,111457892
567,sh512400,有色金属ETF,1.254,0.008,0.642,1.255,1.256,1.246,1.238,1.265,1.231,87458395,109315040
454,sh515380,泰康沪深300ETF,4.445,0.049,1.115,4.447,4.448,4.396,4.386,4.468,4.303,24395800,107672063
251,sh588380,创50ETF,0.683,-0.004,-0.582,0.682,0.683,0.687,0.681,0.689,0.677,147737200,101020410
482,sh515050,5GETF,0.912,0.001,0.11,0.911,0.912,0.911,0.903,0.916,0.898,110012600,99911155
502,sh513580,恒生科技ETF基金,0.546,-0.006,-1.087,0.546,0.547,0.552,0.535,0.548,0.531,184529900,99450028
547,sh512710,军工龙头ETF,0.794,0.001,0.126,0.793,0.794,0.793,0.788,0.801,0.786,123407400,97988983
131,sz159841,证券ETF,0.88,0.013,1.499,0.879,0.88,0.867,0.861,0.883,0.861,109521199,95872454
118,sz159857,光伏ETF,1.171,-0.001,-0.085,1.17,1.171,1.172,1.164,1.192,1.155,79180600,92978410
3,sz159996,家电ETF,1.009,0.014,1.407,1.008,1.009,0.995,0.985,1.014,0.978,90863907,91369302
167,sz159792,港股通互联网ETF,0.652,-0.002,-0.306,0.652,0.653,0.654,0.638,0.653,0.631,132901506,85101428
338,sh516950,基建ETF,1.019,-0.001,-0.098,1.019,1.02,1.02,1.019,1.022,1.007,80270700,81561406
116,sz159859,生物医药ETF,0.727,-0.01,-1.357,0.726,0.727,0.737,0.729,0.732,0.721,111794601,81412218
58,sz159934,黄金ETF,3.816,0.019,0.5,3.816,3.817,3.797,3.815,3.828,3.815,21102300,80653757
55,sz159937,黄金ETF基金,3.851,0.016,0.417,3.85,3.851,3.835,3.847,3.862,3.847,20836000,80372481
503,sh513550,港股通50ETF,0.785,-0.001,-0.127,0.786,0.787,0.786,0.779,0.787,0.772,103202400,80325420
618,sh511260,十年国债ETF,117.067,0.185,0.158,117.065,117.067,116.882,116.832,117.068,116.792,685900,80271712
51,sz159941,纳指ETF,2.955,-0.038,-1.27,2.954,2.955,2.993,2.945,2.956,2.935,26979759,79524132
551,sh512670,国防ETF,0.896,-0.002,-0.223,0.895,0.896,0.898,0.891,0.906,0.887,86164257,77368677
573,sh512290,生物医药ETF,1.385,-0.02,-1.423,1.385,1.386,1.405,1.395,1.395,1.373,55735036,77072896
464,sh515250,智能汽车ETF,0.871,-0.004,-0.457,0.87,0.871,0.875,0.868,0.881,0.865,87746700,76578478
249,sh588400,双创50ETF,0.68,-0.003,-0.439,0.679,0.68,0.683,0.678,0.686,0.674,112378400,76417552
664,sh510180,上证180ETF,3.7,0.045,1.231,3.7,3.701,3.655,3.647,3.714,3.63,20249531,74556507
471,sh515170,食品饮料ETF,0.705,0.016,2.322,0.704,0.705,0.689,0.687,0.712,0.685,106066300,74482421
84,sz159901,深证100ETF易方达,3.203,0.043,1.361,3.203,3.204,3.16,3.143,3.218,3.136,23334192,74476092
461,sh515290,银行ETF天弘,1.043,0.017,1.657,1.042,1.043,1.026,1.025,1.044,1.019,71017400,73599560
26,sz159972,5年地债ETF,108.949,0.434,0.4,108.896,108.949,108.515,108.52,109.015,108.52,661600,71998523
81,sz159905,深红利ETF,2.048,0.047,2.349,2.048,2.049,2.001,1.99,2.053,1.987,34863868,70957384
497,sh513690,恒生高股息ETF,0.884,0.006,0.683,0.884,0.885,0.878,0.872,0.886,0.87,80560000,70909118
255,sh588300,双创ETF,0.683,-0.002,-0.292,0.682,0.683,0.685,0.682,0.688,0.677,101150400,69063279
259,sh588090,科创板ETF,1.133,0.002,0.177,1.133,1.134,1.131,1.128,1.136,1.115,60237719,67840941
13,sz159985,豆粕ETF,1.501,-0.089,-5.597,1.501,1.502,1.59,1.548,1.549,1.501,44127400,67225999
64,sz159928,消费ETF,1.016,0.013,1.296,1.016,1.017,1.003,0.999,1.028,0.997,66063927,67086797
132,sz159840,锂电池ETF,0.828,0.008,0.976,0.828,0.829,0.82,0.812,0.838,0.808,79700500,65917996
453,sh515390,华安沪深300ETF,1.13,0.013,1.164,1.13,1.131,1.117,1.112,1.136,1.109,58275900,65523723
293,sh560100,中证500增强ETF,0.961,0.008,0.839,0.96,0.961,0.953,0.953,0.961,0.947,67113500,63977535
112,sz159864,光伏50ETF,0.857,0.002,0.234,0.857,0.858,0.855,0.843,0.872,0.843,73068100,62903712
604,sh511810,理财金货币ETF,100.017,0.013,0.013,100.017,100.02,100.004,100.021,100.032,100.013,619838,61995948
499,sh513660,恒生ETF,2.116,0.004,0.189,2.109,2.119,2.112,2.087,2.121,2.078,29403100,61700714
408,sh516010,游戏ETF,0.917,0.036,4.086,0.917,0.918,0.881,0.873,0.918,0.867,67593500,61013014
239,sz159610,500ETF增强,0.882,0.005,0.57,0.882,0.883,0.877,0.872,0.883,0.871,68796052,60405541
417,sh515900,央创ETF,1.2,0.002,0.167,1.199,1.2,1.198,1.187,1.202,1.187,50043400,59924237
18,sz159980,有色ETF,1.697,-0.011,-0.644,1.697,1.698,1.708,1.71,1.713,1.694,35027500,59771247
620,sh511180,上证可转债ETF,10.615,0.083,0.788,10.614,10.62,10.532,10.527,10.624,10.51,5400100,57230405
352,sh516780,稀土ETF,1.152,0.004,0.348,1.152,1.153,1.148,1.139,1.159,1.135,49410084,56724550
560,sh512560,军工ETF易方达,0.667,0.0,0.0,0.666,0.667,0.667,0.665,0.673,0.661,84023600,56067187
269,sh562800,稀有金属ETF,0.797,0.007,0.886,0.796,0.797,0.79,0.781,0.808,0.781,68941145,54963024
135,sz159837,生物科技ETF,0.711,-0.009,-1.25,0.71,0.711,0.72,0.716,0.716,0.705,77346912,54917283
513,sh513160,港股科技30ETF,0.774,-0.007,-0.896,0.776,0.777,0.781,0.776,0.777,0.758,70038700,53831243
661,sh510210,上证指数ETF,0.935,0.011,1.19,0.935,0.936,0.924,0.92,0.936,0.918,56911600,52914953
199,sz159747,香港科技ETF,0.552,-0.005,-0.898,0.552,0.553,0.557,0.537,0.554,0.537,94492300,51377239
200,sz159745,建材ETF,0.935,0.006,0.646,0.934,0.935,0.929,0.914,0.935,0.91,54488900,50521617
282,sh561350,国泰中证500ETF,0.913,0.004,0.44,0.912,0.913,0.909,0.906,0.915,0.902,55396900,50381620
648,sh510410,资源ETF,1.094,-0.002,-0.182,1.093,1.095,1.096,1.095,1.098,1.083,45902700,50169328
202,sz159742,恒生科技指数ETF,0.55,-0.005,-0.901,0.55,0.551,0.555,0.536,0.551,0.535,92332803,50063582
539,sh512810,国防军工ETF,1.26,0.001,0.079,1.26,1.261,1.259,1.257,1.271,1.252,39355500,49651437
608,sh511690,交易货币ETF,100.021,0.023,0.023,100.021,100.022,99.998,100.036,100.036,100.019,495776,49588787
397,sh516150,稀土ETF基金,1.229,0.003,0.245,1.227,1.229,1.226,1.223,1.235,1.214,40484100,49514235
238,sz159611,电力ETF,0.858,0.005,0.586,0.858,0.859,0.853,0.84,0.86,0.837,57812659,49234979
659,sh510230,金融ETF,1.018,0.016,1.597,1.017,1.018,1.002,0.999,1.018,0.995,48755400,49169745
247,sz159003,招商快线ETF,100.0,0.02,0.02,99.999,100.0,99.98,99.988,100.006,99.988,491553,49155063
44,sz159952,创业板ETF广发,1.562,0.001,0.064,1.561,1.562,1.561,1.549,1.575,1.543,31320529,48901392
204,sz159740,恒生科技ETF,0.547,-0.005,-0.906,0.546,0.547,0.552,0.534,0.548,0.532,90317100,48670928
107,sz159870,化工ETF,0.88,0.016,1.852,0.879,0.88,0.864,0.86,0.883,0.858,54521209,47818719
95,sz159887,银行ETF,0.959,0.017,1.805,0.958,0.959,0.942,0.935,0.959,0.935,50235669,47783748
404,sh516070,碳中和50ETF,0.652,0.0,0.0,0.652,0.653,0.652,0.643,0.661,0.641,73166200,47770368
479,sh515080,中证红利ETF,1.493,0.014,0.947,1.493,1.494,1.479,1.473,1.495,1.47,32206300,47695487
500,sh513600,恒生指数ETF,2.051,-0.005,-0.243,2.048,2.05,2.056,2.043,2.057,2.018,23224700,47331655
628,sh510850,工银上证50ETF,3.065,0.039,1.289,3.066,3.071,3.026,3.021,3.085,3.003,15420985,47030648
363,sh516660,新能汽车ETF,1.219,0.009,0.744,1.219,1.22,1.21,1.2,1.234,1.199,38602800,47025704
624,sh511010,国债ETF,127.134,0.158,0.124,127.129,127.136,126.976,126.976,127.166,126.976,360500,45829156
154,sz159813,半导体ETF,0.816,-0.001,-0.122,0.816,0.817,0.817,0.809,0.826,0.807,55095800,45062428
142,sz159828,医疗ETF,0.693,-0.004,-0.574,0.692,0.693,0.697,0.69,0.697,0.683,64217100,44369339
163,sz159801,芯片龙头ETF,1.269,0.003,0.237,1.269,1.27,1.266,1.266,1.284,1.254,34586880,43952107
253,sh588330,双创龙头ETF,0.676,-0.004,-0.588,0.675,0.676,0.68,0.673,0.681,0.67,62953400,42512512
225,sz159713,稀土ETF,0.851,0.003,0.354,0.85,0.851,0.848,0.844,0.854,0.839,50182700,42487907
438,sh515650,消费50ETF,1.237,0.028,2.316,1.236,1.237,1.209,1.207,1.245,1.2,34381300,42240183
558,sh512580,碳中和龙头ETF,1.537,0.01,0.655,1.536,1.537,1.527,1.512,1.552,1.508,27551900,42200657
508,sh513320,恒生新经济ETF,1.008,-0.001,-0.099,1.008,1.009,1.009,0.975,1.013,0.975,41556500,41624442
509,sh513300,纳斯达克ETF,1.202,-0.012,-0.988,1.201,1.208,1.214,1.193,1.208,1.191,34162500,40846449
475,sh515120,创新药ETF,0.811,-0.014,-1.697,0.811,0.812,0.825,0.82,0.821,0.807,49982500,40520413
43,sz159954,H股ETF,0.697,0.001,0.144,0.697,0.698,0.696,0.69,0.698,0.684,57790900,39910619
160,sz159806,新能源车ETF,0.844,0.009,1.078,0.843,0.844,0.835,0.828,0.854,0.825,46033500,38817268
653,sh510350,工银沪深300ETF,4.372,0.052,1.204,4.372,4.375,4.32,4.315,4.398,4.287,8885100,38448772
391,sh516220,化工龙头ETF,0.95,0.012,1.279,0.949,0.95,0.938,0.935,0.954,0.927,40162700,37991200
432,sh515710,食品ETF,0.733,0.014,1.947,0.732,0.733,0.719,0.716,0.74,0.714,51431300,37601295
181,sz159776,医药港股,1.026,-0.021,-2.006,1.026,1.027,1.047,1.03,1.035,1.019,36403410,37361257
6,sz159993,龙头券商ETF,1.032,0.014,1.375,1.031,1.032,1.018,1.015,1.035,1.011,36344903,37310235
271,sh562510,旅游ETF,0.984,0.035,3.688,0.983,0.985,0.949,0.947,0.989,0.94,37466100,36668394
17,sz159981,能源化工ETF,1.682,-0.026,-1.522,1.681,1.682,1.708,1.703,1.705,1.678,21552800,36451229
2,sz159997,电子ETF,1.029,0.001,0.097,1.029,1.03,1.028,1.024,1.036,1.016,35170728,36167109
103,sz159875,新能源ETF,0.858,0.002,0.234,0.858,0.859,0.856,0.851,0.869,0.846,40963700,35159164
470,sh515180,红利ETF易方达,1.308,0.007,0.538,1.308,1.309,1.301,1.297,1.31,1.288,26821900,34785189
5,sz159994,5GETF,0.75,0.0,0.0,0.75,0.751,0.75,0.742,0.755,0.741,45822600,34343633
224,sz159715,稀土ETF易方达,0.746,0.002,0.269,0.746,0.747,0.744,0.746,0.75,0.738,45131600,33640940
451,sh515450,红利低波50ETF,1.238,0.018,1.475,1.234,1.241,1.22,1.22,1.241,1.214,27197500,33350935
186,sz159768,地产龙头,1.091,0.039,3.707,1.09,1.091,1.052,1.05,1.097,1.034,31151142,32950184
632,sh510760,上证综指ETF,1.013,0.006,0.596,1.012,1.013,1.007,1.002,1.014,1.0,32645600,32909602
523,sh513020,港股科技ETF,0.796,-0.004,-0.5,0.795,0.796,0.8,0.789,0.798,0.777,41135000,32466760
486,sh515000,科技ETF,1.385,-0.001,-0.072,1.384,1.385,1.386,1.374,1.391,1.369,23486902,32455866
645,sh510510,中证500ETF基金,1.898,0.013,0.69,1.898,1.9,1.885,1.88,1.9,1.874,17103900,32262025
128,sz159845,中证1000ETF,0.711,0.0,0.0,0.71,0.711,0.711,0.705,0.713,0.702,45362500,32180623
365,sh516640,芯片龙头ETF,0.738,-0.001,-0.135,0.737,0.738,0.739,0.737,0.747,0.731,42439100,31372200
556,sh512600,必选消费ETF,0.843,0.013,1.566,0.843,0.844,0.83,0.83,0.852,0.828,36934100,31014593
150,sz159819,人工智能ETF,0.816,-0.001,-0.122,0.815,0.816,0.817,0.817,0.821,0.808,37568705,30670793
123,sz159851,金融科技ETF,1.093,-0.004,-0.365,1.092,1.093,1.097,1.096,1.109,1.082,27723200,30475268
491,sh513890,HK科技ETF,0.792,-0.006,-0.752,0.789,0.793,0.798,0.762,0.793,0.762,38685100,30141498
90,sz159892,恒生生物科技ETF,0.605,-0.013,-2.104,0.605,0.606,0.618,0.61,0.61,0.597,49283300,29660037
252,sh588360,科创创业ETF,0.701,-0.005,-0.708,0.7,0.701,0.706,0.702,0.707,0.696,42177100,29543048
240,sz159608,稀有金属ETF,0.877,0.006,0.689,0.877,0.878,0.871,0.861,0.891,0.86,32275237,28214247
256,sh588280,科创50ETF华安,0.798,-0.006,-0.746,0.796,0.798,0.804,0.804,0.804,0.787,35136500,28013355
426,sh515800,800ETF,1.154,0.012,1.051,1.155,1.156,1.142,1.135,1.158,1.134,24158100,27678348
488,sh513980,港股科技50ETF,0.509,-0.003,-0.586,0.509,0.51,0.512,0.502,0.511,0.497,54300500,27423856
506,sh513360,教育ETF,0.349,-0.003,-0.852,0.348,0.349,0.352,0.348,0.351,0.345,76878360,26767144
226,sz159712,港股通50ETF,0.882,0.0,0.0,0.88,0.882,0.882,0.874,0.882,0.867,30305900,26482929
231,sz159707,地产ETF,1.169,0.047,4.189,1.169,1.17,1.122,1.1,1.171,1.1,23169700,26294617
413,sh515950,医药龙头ETF,1.342,-0.008,-0.593,1.341,1.342,1.35,1.342,1.35,1.327,19601500,26281928
519,sh513070,港股消费50ETF,0.997,-0.003,-0.3,0.996,0.997,1.0,0.99,1.0,0.958,26255387,26050530
326,sh517110,创新药沪深港ETF,0.75,-0.011,-1.445,0.746,0.75,0.761,0.754,0.754,0.74,34351900,25597858
522,sh513030,德国ETF,1.041,-0.022,-2.07,1.041,1.042,1.063,1.04,1.05,1.036,24502200,25454197
402,sh516090,新能源ETF易方达,0.679,0.002,0.295,0.679,0.68,0.677,0.672,0.69,0.67,36972800,25177794
671,sh510100,上证50ETF易方达,1.192,0.017,1.447,1.191,1.192,1.175,1.174,1.197,1.165,21123900,24975525
63,sz159929,医药ETF,1.808,-0.018,-0.986,1.807,1.808,1.826,1.805,1.817,1.793,13716500,24755041
219,sz159720,智能电动车ETF,0.837,0.007,0.843,0.835,0.837,0.83,0.83,0.844,0.823,29421900,24537698
197,sz159750,香港科技50ETF,0.829,-0.008,-0.956,0.828,0.829,0.837,0.802,0.83,0.802,30180301,24504638
127,sz159847,医疗50ETF,0.619,-0.001,-0.161,0.618,0.619,0.62,0.618,0.621,0.608,39690000,24440820
99,sz159881,有色60ETF,1.139,0.009,0.796,1.139,1.141,1.13,1.125,1.149,1.123,20900300,23851065
636,sh510650,金融地产ETF,2.067,0.023,1.125,2.07,2.071,2.044,2.039,2.071,2.032,11588800,23790577
490,sh513900,港股通100ETF,0.85,0.002,0.236,0.85,0.852,0.848,0.843,0.852,0.832,27971800,23582075
159,sz159807,科技ETF,0.639,0.001,0.157,0.639,0.64,0.638,0.633,0.642,0.63,36831106,23498465
98,sz159883,医疗器械ETF,0.695,-0.001,-0.144,0.694,0.695,0.696,0.69,0.697,0.683,33813000,23376252
115,sz159861,碳中和50ETF,1.338,0.006,0.45,1.338,1.339,1.332,1.327,1.355,1.319,17258500,23086440
386,sh516310,银行ETF易方达,0.933,0.018,1.967,0.931,0.933,0.915,0.912,0.933,0.91,24983500,23073143
621,sh511060,5年地方债ETF,101.675,-0.043,-0.042,101.65,101.675,101.718,101.669,101.7,101.6,224800,22846788
625,sh510990,180ESGETF,0.886,0.005,0.568,0.886,0.887,0.881,0.889,0.893,0.881,25759800,22807710
546,sh512720,计算机ETF,1.116,0.001,0.09,1.116,1.119,1.115,1.112,1.121,1.102,20339500,22640080
377,sh516510,云计算ETF,0.807,-0.003,-0.37,0.806,0.807,0.81,0.805,0.811,0.798,27198541,21945875
130,sz159842,券商ETF,0.921,0.011,1.209,0.92,0.921,0.91,0.904,0.926,0.904,23805100,21868469
344,sh516880,光伏50ETF,1.163,0.002,0.172,1.163,1.164,1.161,1.155,1.179,1.146,18613505,21677406
191,sz159760,公共卫生健康ETF,0.822,-0.012,-1.439,0.823,0.825,0.834,0.822,0.829,0.818,26045331,21448110
633,sh510710,上证50ETF博时,3.646,0.045,1.25,3.646,3.648,3.601,3.596,3.667,3.57,5822700,21135331
400,sh516110,汽车ETF,0.958,0.005,0.525,0.957,0.958,0.953,0.95,0.964,0.942,22093800,21097350
133,sz159839,生物药ETF,0.689,-0.013,-1.852,0.689,0.69,0.702,0.697,0.697,0.687,30341703,20979637
431,sh515750,科技50ETF,1.28,0.005,0.392,1.279,1.28,1.275,1.274,1.284,1.264,16359800,20872979
62,sz159930,能源ETF,1.046,-0.003,-0.286,1.045,1.046,1.049,1.04,1.054,1.032,19832135,20611096
190,sz159761,新材料50ETF,0.821,0.006,0.736,0.821,0.823,0.815,0.811,0.832,0.806,24653252,20269560
419,sh515880,通信ETF,0.907,-0.002,-0.22,0.906,0.907,0.909,0.903,0.91,0.899,22357100,20249123
96,sz159886,机械ETF,1.11,0.004,0.362,1.112,1.114,1.106,1.101,1.125,1.097,17924000,19919360
285,sh561130,国货ETF,0.831,0.009,1.095,0.829,0.831,0.822,0.82,0.838,0.816,24122900,19859876
481,sh515060,房地产ETF基金,1.14,0.036,3.261,1.137,1.14,1.104,1.09,1.145,1.088,17570100,19500996
145,sz159824,新能车ETF,1.262,0.012,0.96,1.26,1.262,1.25,1.245,1.277,1.238,15304000,19273402
370,sh516590,智能汽车50ETF,1.176,0.007,0.599,1.176,1.178,1.169,1.16,1.19,1.159,16200900,19083333
288,sh560800,数字经济ETF,0.759,0.0,0.0,0.758,0.759,0.759,0.755,0.765,0.75,25102100,19065821
30,sz159968,中证500ETF博时,7.199,0.034,0.475,7.196,7.205,7.165,7.16,7.22,7.109,2661787,19054623
203,sz159741,恒生科技ETF基金,0.538,-0.005,-0.921,0.538,0.539,0.543,0.53,0.54,0.524,35685104,18991095
581,sh512160,MSCI中国A股ETF,1.503,0.017,1.144,1.503,1.504,1.486,1.481,1.509,1.473,12633100,18952694
665,sh510170,大宗商品ETF,3.556,0.017,0.48,3.549,3.55,3.539,3.629,3.629,3.508,5331700,18899042
242,sz159606,中证500成长ETF,0.912,0.007,0.773,0.911,0.912,0.905,0.905,0.915,0.9,20702304,18852175
452,sh515400,大数据ETF,0.799,0.005,0.63,0.797,0.799,0.794,0.794,0.8,0.786,23470400,18681945
236,sz159619,基建ETF,0.906,-0.002,-0.22,0.906,0.907,0.908,0.903,0.91,0.885,20358536,18402631
465,sh515230,软件ETF,0.812,-0.001,-0.123,0.811,0.812,0.813,0.81,0.816,0.804,22510200,18286197
286,sh561120,家电ETF,0.869,0.011,1.282,0.868,0.869,0.858,0.85,0.873,0.845,21122700,18243972
109,sz159867,畜牧ETF,0.879,0.005,0.572,0.879,0.88,0.874,0.875,0.89,0.864,20739351,18205677
399,sh516120,化工50ETF,0.912,0.011,1.221,0.912,0.914,0.901,0.894,0.918,0.892,19937400,18188868
550,sh512680,军工ETF基金,1.163,0.002,0.172,1.161,1.164,1.161,1.156,1.172,1.15,15646000,18133296
429,sh515770,上投摩根MSCIAETF,1.225,0.013,1.073,1.225,1.226,1.212,1.204,1.228,1.204,14328200,17458115
215,sz159726,恒生红利ETF,0.992,0.009,0.916,0.991,0.992,0.983,0.98,0.993,0.978,17497000,17269338
362,sh516670,畜牧养殖ETF,0.937,0.005,0.536,0.937,0.938,0.932,0.931,0.95,0.922,18093600,16972047
93,sz159889,智能汽车ETF,0.85,-0.002,-0.235,0.851,0.853,0.852,0.852,0.86,0.847,19301900,16443912
207,sz159736,饮食ETF,0.883,0.015,1.728,0.882,0.884,0.868,0.863,0.892,0.863,18555000,16423601
587,sh512040,价值100ETF,1.904,0.023,1.223,1.902,1.904,1.881,1.881,1.905,1.862,8612700,16227522
337,sh516960,机械ETF,1.062,0.003,0.283,1.062,1.064,1.059,1.054,1.151,1.006,15143400,16090359
535,sh512890,红利低波ETF,0.855,0.013,1.544,0.853,0.855,0.842,0.839,0.857,0.834,18996400,16028742
462,sh515280,银行龙头ETF,1.214,0.02,1.675,1.213,1.215,1.194,1.186,1.215,1.186,13075000,15759311
605,sh511800,易方达货币ETF,100.02,0.03,0.03,100.019,100.021,99.99,100.005,100.032,100.005,156367,15639416
569,sh512380,MSCI中国ETF,1.37,0.014,1.032,1.366,1.37,1.356,1.344,1.371,1.344,11480100,15555697
345,sh516860,金融科技ETF,0.965,-0.002,-0.207,0.964,0.965,0.967,0.975,0.98,0.955,16068100,15498331
458,sh515320,电子50ETF,0.791,0.0,0.0,0.789,0.792,0.791,0.8,0.8,0.783,19539900,15495965
161,sz159805,传媒ETF,0.932,0.028,3.097,0.932,0.933,0.904,0.898,0.936,0.894,16585400,15324226
341,sh516910,物流ETF,1.072,0.02,1.901,1.071,1.072,1.052,1.048,1.075,1.048,14093300,15024188
250,sh588390,科创创业50ETF,0.744,-0.004,-0.535,0.743,0.744,0.748,0.744,0.75,0.738,20114300,14975056
54,sz159938,医药卫生ETF,1.726,-0.025,-1.428,1.726,1.728,1.751,1.735,1.738,1.715,8674671,14970571
640,sh510580,中证500ETF易方达,0.737,0.003,0.409,0.737,0.738,0.734,0.732,0.739,0.729,20379700,14969200
268,sh562880,电池ETF基金,0.865,0.005,0.581,0.864,0.865,0.86,0.855,0.875,0.852,17328300,14960221
355,sh516750,建材ETF,1.051,0.003,0.286,1.05,1.052,1.048,1.049,1.052,1.033,14262400,14950487
583,sh512120,医药50ETF,0.6,-0.007,-1.153,0.599,0.6,0.607,0.602,0.602,0.591,24555800,14672428
489,sh513960,港股通消费ETF,1.047,0.011,1.062,1.047,1.049,1.036,1.029,1.052,1.025,14127500,14644567
348,sh516820,医疗创新ETF,0.636,-0.003,-0.469,0.636,0.637,0.639,0.635,0.639,0.626,22610300,14307427
356,sh516730,证券公司ETF,0.865,0.014,1.645,0.863,0.865,0.851,0.851,0.867,0.846,16652900,14274083
585,sh512090,MSCIA股ETF易方达,1.562,0.015,0.97,1.562,1.563,1.547,1.542,1.57,1.536,9020400,14060209
372,sh516570,化工行业ETF,0.936,0.019,2.072,0.934,0.935,0.917,0.913,0.937,0.911,15124200,14018241
113,sz159863,光伏ETF基金,0.907,0.001,0.11,0.907,0.908,0.906,0.9,0.922,0.897,15234690,13863869
630,sh510800,50ETF基金,1.234,0.016,1.314,1.233,1.234,1.218,1.213,1.24,1.207,11248800,13845823
276,sh561910,电池ETF,0.815,0.004,0.493,0.814,0.815,0.811,0.792,0.825,0.792,16872900,13755888
380,sh516390,新能源汽车ETF,1.05,0.007,0.671,1.049,1.05,1.043,1.027,1.061,1.027,13114600,13749643
8,sz159991,创大盘ETF,0.545,0.001,0.184,0.545,0.546,0.544,0.538,0.55,0.538,25103051,13693104
357,sh516720,ESGETF,0.893,0.011,1.247,0.893,0.895,0.882,0.878,0.895,0.877,15321000,13575571
208,sz159735,港股消费ETF,0.647,0.003,0.466,0.646,0.647,0.644,0.636,0.648,0.631,20975800,13472683
456,sh515350,民生加银300ETF,5.147,0.056,1.1,5.144,5.151,5.091,5.065,5.162,5.049,2620400,13358372
153,sz159814,创业大盘ETF,0.507,0.0,0.0,0.506,0.507,0.507,0.502,0.51,0.5,26202600,13232668
119,sz159856,互联网龙头ETF,0.538,0.002,0.373,0.537,0.538,0.536,0.527,0.538,0.526,24723200,13108685
407,sh516020,化工ETF,0.911,0.012,1.335,0.91,0.911,0.899,0.894,0.915,0.884,14220900,12931330
184,sz159770,机器人ETF,0.773,-0.006,-0.77,0.773,0.774,0.779,0.774,0.779,0.754,16575608,12853098
367,sh516620,影视ETF,0.995,0.033,3.43,0.995,0.996,0.962,0.96,1.0,0.948,12782800,12680889
443,sh515580,科技100ETF,0.797,-0.002,-0.25,0.796,0.797,0.799,0.799,0.801,0.791,15806600,12586672
206,sz159738,云50ETF,0.82,-0.002,-0.243,0.818,0.82,0.822,0.818,0.82,0.798,15422900,12574712
538,sh512820,银行业ETF,1.192,0.02,1.706,1.191,1.192,1.172,1.171,1.192,1.166,10568400,12523871
21,sz159977,创业板ETF天弘,2.691,0.003,0.112,2.69,2.691,2.688,2.671,2.71,2.66,4651900,12513170
129,sz159843,食品饮料ETF,0.766,0.015,1.997,0.765,0.766,0.751,0.751,0.774,0.747,16292700,12486062
88,sz159896,物联网龙头ETF,0.766,0.001,0.131,0.764,0.767,0.765,0.757,0.77,0.756,15956003,12197025
485,sh515010,券商ETF基金,1.097,0.02,1.857,1.096,1.097,1.077,1.072,1.1,1.072,11203300,12165532
487,sh513990,港股通ETF,0.815,0.003,0.369,0.814,0.815,0.812,0.809,0.815,0.801,15031700,12148965
607,sh511700,场内货币ETF,100.032,0.03,0.03,100.031,100.032,100.002,100.022,100.032,100.021,121433,12146665
53,sz159939,信息技术ETF,1.167,0.003,0.258,1.166,1.167,1.164,1.153,1.174,1.153,10390400,12096152
313,sh517390,云计算沪港深ETF,0.771,-0.003,-0.388,0.771,0.773,0.774,0.767,0.772,0.761,15748900,12080381
353,sh516770,游戏动漫ETF,0.916,0.032,3.62,0.915,0.916,0.884,0.884,0.918,0.869,13410200,12072220
47,sz159948,创业板ETF南方,2.833,0.003,0.106,2.833,2.835,2.83,2.814,2.855,2.792,4245100,12004773
122,sz159852,软件ETF,0.822,0.001,0.122,0.822,0.823,0.821,0.814,0.825,0.813,14595700,11970753
237,sz159613,信息安全ETF,0.824,-0.001,-0.121,0.825,0.826,0.825,0.826,0.83,0.817,14485901,11949856
198,sz159748,沪港深创新药ETF,0.78,-0.008,-1.015,0.777,0.78,0.788,0.784,0.784,0.77,15294927,11837112
545,sh512730,中证银行ETF,1.189,0.022,1.885,1.185,1.189,1.167,1.167,1.189,1.16,9969800,11740946
175,sz159782,双创50ETF基金,0.67,-0.005,-0.741,0.669,0.67,0.675,0.67,0.677,0.666,17455988,11714480
97,sz159885,碳中和ETF基金,0.901,0.004,0.446,0.9,0.901,0.897,0.891,0.911,0.888,13012271,11706199
165,sz159795,智能车ETF基金,0.837,0.0,0.0,0.837,0.839,0.837,0.832,0.846,0.832,13725630,11529948
422,sh515850,证券龙头ETF,1.172,0.017,1.472,1.171,1.172,1.155,1.151,1.175,1.148,9782700,11419511
1,sz159998,计算机ETF,0.854,0.001,0.117,0.853,0.854,0.853,0.845,0.857,0.845,13307100,11360164
117,sz159858,创新药指ETF,0.839,-0.016,-1.871,0.839,0.84,0.855,0.85,0.85,0.834,13515400,11323414
387,sh516300,1000ETF基金,1.073,-0.001,-0.093,1.072,1.074,1.074,1.069,1.076,1.062,10529000,11291348
392,sh516210,银行股ETF,1.007,0.017,1.717,1.0,1.006,0.99,0.994,1.009,0.985,11246900,11264568
120,sz159855,影视ETF,0.89,0.034,3.972,0.889,0.89,0.856,0.853,0.891,0.84,12651217,11130022
172,sz159787,建筑材料,1.04,0.005,0.483,1.038,1.04,1.035,1.036,1.042,1.024,10489011,10871577
331,sh517050,互联网50ETF,0.578,0.002,0.347,0.577,0.578,0.576,0.572,0.578,0.564,18904461,10783556
533,sh512910,中证100ETF,1.229,0.013,1.069,1.229,1.23,1.216,1.213,1.234,1.207,8708900,10685918
183,sz159773,创科技ETF,0.823,-0.005,-0.604,0.823,0.825,0.828,0.82,0.831,0.82,12837900,10590061
267,sh562900,现代农业ETF,1.018,0.008,0.792,1.014,1.019,1.01,1.005,1.029,1.0,10329300,10521103
291,sh560560,泰康碳中和ETF,0.87,0.003,0.346,0.869,0.87,0.867,0.867,0.88,0.857,12029400,10486039
395,sh516180,光伏ETF平安,1.156,-0.008,-0.687,1.155,1.156,1.164,1.164,1.175,1.148,8896000,10305959
374,sh516550,农业ETF,0.847,0.007,0.833,0.846,0.847,0.84,0.843,0.852,0.833,12105200,10222294
418,sh515890,红利ETF博时,1.417,0.015,1.07,1.417,1.418,1.402,1.402,1.418,1.397,7208300,10110228
126,sz159848,证券ETF基金,0.783,0.012,1.556,0.783,0.784,0.771,0.768,0.787,0.766,12925555,10099558
147,sz159822,新经济ETF,0.636,-0.002,-0.313,0.635,0.636,0.638,0.63,0.637,0.62,15922300,10033035
544,sh512750,基本面50ETF,1.093,0.013,1.204,1.092,1.093,1.08,1.08,1.094,1.073,9181800,9936618
652,sh510360,沪深300ETF基金,1.485,0.015,1.02,1.485,1.487,1.47,1.456,1.492,1.45,6700800,9932503
121,sz159853,科技100ETF,0.886,-0.002,-0.225,0.884,0.888,0.888,0.88,0.896,0.877,10983301,9725776
354,sh516760,养殖ETF,0.93,0.005,0.541,0.93,0.931,0.925,0.95,0.95,0.918,10292700,9590153
309,sh517770,游戏传媒ETF,0.855,0.015,1.786,0.855,0.858,0.84,0.832,0.857,0.829,11275200,9537551
412,sh515960,医药健康ETF,1.024,-0.012,-1.158,1.022,1.024,1.036,1.018,1.029,1.016,9324200,9507788
514,sh513150,港股通科技50ETF,0.824,-0.003,-0.363,0.824,0.827,0.827,0.822,0.825,0.796,11666400,9460249
325,sh517120,沪港深创新药ETF,0.672,-0.01,-1.466,0.671,0.672,0.682,0.682,0.682,0.665,14074600,9409796
257,sh588180,科创50ETF基金,0.703,0.001,0.142,0.702,0.703,0.702,0.7,0.705,0.694,13388000,9356660
511,sh513200,港股通医药ETF,0.876,-0.012,-1.351,0.875,0.876,0.888,0.883,0.883,0.86,10784800,9352139
406,sh516050,科技龙头ETF,0.712,-0.001,-0.14,0.711,0.712,0.713,0.712,0.715,0.704,13034700,9271639
104,sz159873,医疗设备ETF,0.786,0.0,0.0,0.785,0.786,0.786,0.785,0.79,0.773,11766000,9226429
474,sh515130,沪深300ETF博时,1.272,0.013,1.033,1.27,1.273,1.259,1.249,1.276,1.249,7251100,9172034
368,sh516610,医疗服务ETF,0.694,-0.001,-0.144,0.694,0.695,0.695,0.695,0.697,0.682,13084200,9076188
447,sh515530,泰康中证500ETF,3.259,0.008,0.246,3.259,3.265,3.251,3.226,3.262,3.223,2783300,9020536
124,sz159850,恒生国企ETF,0.636,0.0,0.0,0.636,0.637,0.636,0.629,0.637,0.621,14296014,8989158
445,sh515560,证券ETF建信,0.877,0.011,1.27,0.876,0.877,0.866,0.865,0.881,0.859,10244400,8968612
561,sh512550,A50ETF基金,1.434,0.025,1.774,1.434,1.435,1.409,1.4,1.439,1.398,6297800,8937451
329,sh517080,沪港深500ETF基金,0.768,0.005,0.655,0.768,0.769,0.763,0.76,0.77,0.755,11682024,8889187
649,sh510390,平安沪深300ETF,4.312,0.052,1.221,4.305,4.325,4.26,4.248,4.33,4.23,2026797,8674568
611,sh511650,华夏快线ETF,100.013,0.016,0.016,100.008,100.014,99.997,100.002,100.013,100.002,86500,8651029
312,sh517500,游戏沪港深ETF,1.029,0.025,2.49,1.03,1.031,1.004,1.004,1.03,0.986,8292300,8460711
83,sz159902,中小100ETF,4.087,0.037,0.914,4.087,4.093,4.05,4.046,4.118,4.016,2065600,8425281
600,sh511860,保证金货币ETF,100.017,0.019,0.019,100.013,100.018,99.998,100.011,100.018,100.007,84006,8401826
101,sz159877,医疗产业ETF,0.836,0.0,0.0,0.835,0.836,0.836,0.835,0.838,0.822,10047400,8368126
314,sh517380,创新药沪港深ETF,0.734,-0.007,-0.945,0.732,0.734,0.741,0.739,0.739,0.726,11291800,8253872
212,sz159730,家电ETF基金,0.845,0.011,1.319,0.844,0.845,0.834,0.839,0.849,0.821,9784800,8228228
232,sz159706,深证100ETF华安,0.811,0.009,1.122,0.811,0.812,0.802,0.797,0.815,0.796,10141300,8141875
403,sh516080,创新药ETF易方达,0.781,-0.013,-1.637,0.781,0.784,0.794,0.789,0.789,0.775,10319400,8052806
311,sh517550,消费ETF沪港深,0.822,0.011,1.356,0.82,0.822,0.811,0.804,0.828,0.802,9793900,8023499
205,sz159739,大数据ETF,0.783,-0.001,-0.128,0.782,0.783,0.784,0.779,0.784,0.774,10061911,7853765
319,sh517280,网购ETF,0.807,0.01,1.255,0.807,0.808,0.797,0.785,0.808,0.785,9836500,7787101
622,sh511030,公司债ETF,10.34,0.003,0.029,10.338,10.34,10.337,10.341,10.346,10.33,751000,7763895
476,sh515110,一带一路国企ETF,1.227,0.013,1.071,1.227,1.233,1.214,1.214,1.232,1.214,6308300,7721409
376,sh516520,智能驾驶ETF,0.915,-0.001,-0.109,0.914,0.915,0.916,0.915,0.922,0.907,8414100,7686658
667,sh510150,消费ETF,0.635,0.003,0.475,0.634,0.635,0.632,0.63,0.64,0.62,11891100,7526939
477,sh515100,红利100ETF,1.596,0.019,1.205,1.596,1.597,1.577,1.577,1.597,1.568,4752700,7518730
425,sh515810,中证800ETF,1.263,0.007,0.557,1.263,1.264,1.256,1.261,1.319,1.232,5918500,7441967
416,sh515910,质量ETF,0.68,0.01,1.493,0.679,0.68,0.67,0.671,0.685,0.666,10949000,7432113
287,sh561100,消费电子龙头ETF,0.806,-0.001,-0.124,0.806,0.807,0.807,0.805,0.814,0.799,9022400,7288643
493,sh513860,港股通科技ETF,0.512,-0.001,-0.195,0.511,0.512,0.513,0.505,0.513,0.5,14243500,7219902
32,sz159966,创蓝筹ETF,0.507,0.0,0.0,0.506,0.507,0.507,0.504,0.51,0.501,14243747,7197526
16,sz159982,中证500ETF鹏华,1.465,0.008,0.549,1.465,1.466,1.457,1.455,1.467,1.447,4922000,7185291
389,sh516270,新能源50ETF,0.898,0.003,0.335,0.898,0.9,0.895,0.895,0.913,0.889,7958800,7175240
342,sh516900,食品50ETF,0.775,0.02,2.649,0.772,0.775,0.755,0.756,0.778,0.754,9162200,7021646
327,sh517100,AH500ETF,0.77,0.003,0.391,0.768,0.77,0.767,0.76,0.77,0.757,9144600,6983112
23,sz159975,深100ETF招商,0.632,0.007,1.12,0.632,0.633,0.625,0.621,0.635,0.621,11002700,6927429
463,sh515260,电子ETF,0.815,-0.001,-0.123,0.814,0.815,0.816,0.811,0.82,0.806,8359200,6806724
196,sz159751,港股科技ETF,0.743,0.0,0.0,0.743,0.744,0.743,0.721,0.743,0.721,9199000,6754366
388,sh516290,光伏ETF基金,0.859,-0.003,-0.348,0.858,0.859,0.862,0.858,0.873,0.85,7819300,6744350
156,sz159811,5G50ETF,0.937,-0.003,-0.319,0.936,0.937,0.94,0.936,0.943,0.928,7094100,6640922
138,sz159834,金ETF,4.051,0.021,0.521,4.047,4.048,4.03,4.046,4.058,4.046,1589195,6439746
304,sh517960,科技AHETF,0.858,-0.034,-3.812,0.868,0.875,0.892,0.879,0.879,0.818,7665600,6294364
635,sh510660,医药卫生ETF,2.84,-0.022,-0.769,2.84,2.846,2.862,2.867,2.895,2.8,2197100,6214939
484,sh515020,银行ETF华夏,1.216,0.02,1.672,1.216,1.217,1.196,1.199,1.216,1.19,5132300,6176943
173,sz159786,VRETF,0.795,0.004,0.506,0.793,0.795,0.791,0.79,0.799,0.78,7764800,6148828
351,sh516790,医疗保健ETF,0.793,-0.001,-0.126,0.792,0.793,0.794,0.791,0.796,0.78,7521700,5939992
526,sh512990,MSCIA股ETF,1.617,0.018,1.126,1.615,1.617,1.599,1.592,1.62,1.59,3609800,5794807
637,sh510630,消费ETF基金,1.146,0.019,1.686,1.145,1.146,1.127,1.126,1.158,1.121,5057100,5769072
557,sh512590,高股息ETF,1.485,-0.001,-0.067,1.484,1.485,1.486,1.472,1.485,1.468,3838000,5686924
347,sh516830,300ESGETF,0.833,0.012,1.462,0.83,0.833,0.821,0.816,0.834,0.815,6830700,5665588
334,sh517000,沪港深500ETF,0.768,0.006,0.787,0.766,0.768,0.762,0.76,0.768,0.754,7308600,5586120
496,sh513700,香港医药ETF,0.537,-0.003,-0.556,0.536,0.537,0.54,0.534,0.537,0.529,10494700,5584592
564,sh512510,中证500指数ETF,1.628,0.01,0.618,1.627,1.628,1.618,1.615,1.628,1.606,3434900,5563255
383,sh516350,芯片50ETF,0.8,0.0,0.0,0.799,0.8,0.8,0.797,0.809,0.791,6863000,5495538
265,sh562950,消费电子50ETF,0.767,-0.004,-0.519,0.767,0.771,0.771,0.764,0.773,0.76,6993300,5362610
385,sh516320,高端装备ETF,0.992,0.002,0.202,0.992,0.994,0.99,0.99,1.002,0.98,5285700,5244908
106,sz159871,有色金属ETF,1.225,0.011,0.906,1.225,1.227,1.214,1.208,1.237,1.208,4257300,5228198
48,sz159945,能源ETF基金,0.938,-0.002,-0.213,0.938,0.94,0.94,0.935,0.945,0.92,5469800,5108810
559,sh512570,证券ETF易方达,0.96,0.015,1.587,0.959,0.96,0.945,0.941,0.963,0.94,5259600,5030515
283,sh561310,消电ETF,0.739,-0.007,-0.938,0.738,0.739,0.746,0.745,0.745,0.732,6664900,4928073
518,sh513080,法国CAC40ETF,1.19,-0.028,-2.299,1.189,1.191,1.218,1.19,1.216,1.188,4073000,4851637
149,sz159820,中证500ETF天弘,1.0,0.007,0.705,0.998,1.0,0.993,0.992,1.001,0.985,4731500,4711215
15,sz159983,粤港澳大湾区ETF,1.134,0.007,0.621,1.132,1.134,1.127,1.116,1.134,1.114,4183600,4711069
478,sh515090,可持续发展ETF,1.232,0.014,1.149,1.232,1.233,1.218,1.21,1.236,1.21,3862200,4690118
171,sz159788,港股中国,0.937,0.003,0.321,0.936,0.939,0.934,0.93,0.938,0.916,5027938,4656820
378,sh516500,生物科技ETF,0.924,-0.012,-1.282,0.924,0.925,0.936,0.931,0.931,0.915,4978400,4588565
299,sh518850,黄金ETF9999,3.898,0.022,0.568,3.893,3.896,3.876,3.89,3.904,3.89,1159974,4521963
598,sh511900,富国货币ETF,100.039,0.038,0.038,100.019,100.044,100.001,100.008,100.096,100.008,44959,4497747
582,sh512150,A50ETF,1.578,0.031,2.004,1.578,1.579,1.547,1.543,1.582,1.536,2829400,4443777
187,sz159767,电池龙头ETF,0.833,0.005,0.604,0.833,0.834,0.828,0.823,0.845,0.819,5302700,4420065
151,sz159816,0-4地债ETF,103.24,-0.04,-0.039,103.201,103.26,103.28,103.28,103.28,103.156,42700,4408056
233,sz159703,新材料ETF,1.027,0.009,0.884,1.026,1.027,1.018,1.018,1.036,1.005,4293807,4404789
346,sh516850,新能源80ETF,1.345,0.008,0.598,1.341,1.346,1.337,1.337,1.36,1.32,3263600,4384901
92,sz159890,云计算ETF,0.82,-0.004,-0.485,0.819,0.82,0.824,0.816,0.823,0.813,5251100,4303220
420,sh515870,先进制造ETF,1.19,0.005,0.422,1.189,1.191,1.185,1.175,1.19,1.171,3599600,4262281
322,sh517180,开放共赢ETF,1.035,0.003,0.291,1.034,1.042,1.032,1.024,1.035,1.022,4070600,4193267
296,sh518890,中银上海金ETF,3.921,0.02,0.513,3.916,3.919,3.901,3.908,3.928,3.908,1059232,4155157
158,sz159808,创业板ETF融通,0.995,0.001,0.101,0.994,0.995,0.994,0.989,1.003,0.984,4131500,4113238
439,sh515630,证保ETF,1.057,0.014,1.342,1.048,1.059,1.043,1.033,1.061,1.033,3899000,4113157
393,sh516200,证券行业ETF,0.939,0.014,1.514,0.939,0.94,0.925,0.921,0.942,0.921,4368400,4093880
411,sh515980,人工智能ETF,0.903,-0.001,-0.111,0.902,0.903,0.904,0.904,0.91,0.894,4492200,4055065
100,sz159880,有色ETF基金,1.222,0.008,0.659,1.22,1.221,1.214,1.208,1.231,1.208,3334101,4054283
278,sh561800,稀有金属ETF基金,0.861,0.004,0.467,0.86,0.862,0.857,0.847,0.871,0.843,4581000,3952850
195,sz159752,新能源龙头ETF,0.918,0.007,0.768,0.918,0.919,0.911,0.908,0.928,0.898,4312500,3947675
634,sh510680,上证50ETF基金,2.818,0.046,1.659,2.811,2.814,2.772,2.737,2.83,2.737,1404600,3936771
210,sz159732,消费电子ETF,0.759,-0.004,-0.524,0.758,0.759,0.763,0.758,0.765,0.752,5157200,3919013
270,sh562520,1000成长ETF,0.974,0.003,0.309,0.974,0.978,0.971,0.961,0.979,0.961,3986360,3875456
125,sz159849,生物科技ETF招商,0.754,-0.009,-1.18,0.753,0.754,0.763,0.762,0.762,0.747,5058900,3806105
246,sz159005,汇添富快钱ETF,100.002,0.003,0.003,100.002,100.003,99.999,100.001,100.003,100.0,37914,3791438
398,sh516130,消费龙头ETF,0.828,0.018,2.222,0.827,0.828,0.81,0.807,0.833,0.805,4525800,3739986
80,sz159906,深成长龙头ETF,1.199,-0.004,-0.333,1.199,1.2,1.203,1.183,1.204,1.18,3117600,3731789
619,sh511220,城投债ETF,97.456,0.156,0.16,97.453,97.471,97.3,97.282,97.485,97.282,37600,3662603
340,sh516920,芯片ETF基金,0.728,-0.001,-0.137,0.73,0.732,0.729,0.72,0.736,0.72,4979700,3623019
305,sh517900,银行ETF优选,1.061,0.024,2.314,1.051,1.078,1.037,1.036,1.08,1.027,3396800,3553551
89,sz159895,物联网50ETF,0.828,0.001,0.121,0.827,0.829,0.827,0.819,0.834,0.819,4279834,3547389
415,sh515920,智能消费ETF,0.745,-0.001,-0.134,0.744,0.745,0.746,0.74,0.749,0.738,4605100,3431558
39,sz159958,创业板ETF工银,1.547,0.002,0.129,1.547,1.55,1.545,1.542,1.556,1.525,2207500,3408361
310,sh517660,物联网沪港深ETF,0.805,-0.004,-0.494,0.805,0.806,0.809,0.811,0.811,0.793,4239500,3405905
78,sz159908,创业板ETF博时,2.396,0.004,0.167,2.396,2.397,2.392,2.391,2.411,2.343,1418400,3381671
86,sz159898,医疗器械ETF招商,0.688,-0.002,-0.29,0.687,0.688,0.69,0.688,0.691,0.678,4844801,3320234
480,sh515070,人工智能AIETF,1.045,-0.001,-0.096,1.045,1.046,1.046,1.041,1.051,1.034,3177000,3319476
140,sz159832,平安金ETF,4.048,0.017,0.422,4.044,4.046,4.031,4.034,4.056,4.034,810801,3281779
301,sh518680,金ETF,3.881,0.02,0.518,3.879,3.881,3.861,3.861,3.889,3.861,842884,3274303
230,sz159708,红利ETF,0.792,0.016,2.062,0.792,0.793,0.776,0.773,0.794,0.769,4155904,3269645
261,sh588060,科创板龙头ETF,0.702,-0.003,-0.426,0.701,0.704,0.705,0.706,0.706,0.693,4619800,3216604
273,sh562360,机器人50ETF,0.85,0.002,0.236,0.842,0.85,0.848,0.84,0.85,0.831,3806900,3210713
143,sz159827,农业50ETF,1.01,0.01,1.0,1.01,1.011,1.0,1.004,1.029,0.999,3090000,3118336
510,sh513230,港股消费ETF,0.806,-0.003,-0.371,0.805,0.806,0.809,0.786,0.81,0.786,3772000,3022516
675,sh510030,价值ETF,0.82,0.011,1.36,0.819,0.821,0.809,0.809,0.821,0.802,3661200,2982035
168,sz159791,300ESGETF,0.972,0.008,0.83,0.97,0.972,0.964,0.957,0.972,0.957,2962719,2865250
37,sz159960,H股ETF港股通,0.681,-0.001,-0.147,0.68,0.681,0.682,0.677,0.682,0.673,4197100,2837484
179,sz159778,工业互联ETF,0.887,0.0,0.0,0.886,0.887,0.887,0.884,0.894,0.879,3201103,2832124
9,sz159990,小盘价值ETF,1.32,0.011,0.84,1.32,1.321,1.309,1.317,1.32,1.298,2159600,2824082
94,sz159888,智能车ETF,0.97,-0.001,-0.103,0.969,0.97,0.971,0.972,0.978,0.963,2843300,2760931
421,sh515860,科技ETF基金,1.243,0.001,0.081,1.242,1.243,1.242,1.231,1.247,1.226,2222700,2736649
211,sz159731,石化ETF,0.867,0.017,2.0,0.865,0.866,0.85,0.847,0.869,0.847,3181601,2722080
369,sh516600,消费服务ETF,0.671,0.008,1.207,0.67,0.671,0.663,0.663,0.673,0.658,4031600,2703397
306,sh517880,品牌消费ETF,0.826,0.01,1.225,0.826,0.827,0.816,0.8,0.83,0.8,3150400,2590413
221,sz159718,港股医药ETF,0.772,-0.006,-0.771,0.77,0.772,0.778,0.78,0.78,0.758,3386000,2589587
405,sh516060,创新药产业ETF,0.746,-0.015,-1.971,0.746,0.747,0.761,0.761,0.766,0.742,3465700,2580216
146,sz159823,H股ETF基金,0.7,-0.002,-0.285,0.7,0.701,0.702,0.697,0.702,0.687,3687000,2552996
40,sz159957,创业板ETF华夏,1.675,0.002,0.12,1.674,1.675,1.673,1.668,1.685,1.653,1511200,2526051
375,sh516530,物流快递ETF,0.922,0.014,1.542,0.922,0.923,0.908,0.899,0.925,0.899,2721700,2499274
209,sz159733,消费电子50ETF,0.831,-0.001,-0.12,0.829,0.831,0.832,0.829,0.838,0.823,2985000,2487895
457,sh515330,300ETF天弘,1.119,0.011,0.993,1.118,1.121,1.108,1.103,1.125,1.1,2205400,2454781
295,sh560000,智慧电车ETF,0.872,0.008,0.926,0.869,0.87,0.864,0.864,0.878,0.857,2813400,2449500
11,sz159987,科技创新ETF,1.488,0.006,0.405,1.488,1.489,1.482,1.486,1.499,1.472,1618000,2413975
24,sz159974,央企创新ETF,1.274,0.0,0.0,1.274,1.276,1.274,1.267,1.274,1.267,1890500,2405341
164,sz159796,电池50ETF,0.985,0.005,0.51,0.985,0.986,0.98,0.976,0.999,0.974,2387000,2350779
214,sz159728,在线消费ETF,0.82,0.016,1.99,0.82,0.822,0.804,0.796,0.823,0.796,2853000,2331148
320,sh517270,沪港深科技TOPETF,0.814,-0.003,-0.367,0.812,0.813,0.817,0.809,0.814,0.801,2876200,2325774
102,sz159876,有色龙头ETF,1.262,0.009,0.718,1.262,1.265,1.253,1.245,1.275,1.241,1779800,2241742
617,sh511270,10年地方债ETF,106.67,-0.03,-0.028,106.666,106.7,106.7,106.718,106.718,106.668,20800,2219369
492,sh513880,日经225ETF,1.044,0.0,0.0,1.043,1.046,1.044,1.039,1.045,1.037,2132200,2218569
575,sh512260,中证500低波ETF,1.504,0.004,0.267,1.503,1.505,1.5,1.5,1.505,1.488,1440300,2154446
382,sh516360,新材料ETF,1.138,0.01,0.887,1.138,1.141,1.128,1.125,1.15,1.115,1888300,2149298
274,sh562300,碳中和ETF基金,0.875,0.004,0.459,0.875,0.876,0.871,0.868,0.884,0.864,2441500,2134727
318,sh517300,沪港深300ETF,0.739,0.007,0.956,0.738,0.739,0.732,0.724,0.742,0.724,2833900,2090845
428,sh515780,浦银MSCI中国ETF,1.416,0.014,0.999,1.414,1.415,1.402,1.394,1.421,1.394,1476600,2084177
308,sh517780,红300ETF,1.045,0.008,0.771,1.049,1.058,1.037,1.032,1.054,1.023,1997500,2080330
339,sh516930,生物科技ETF基金,0.76,-0.01,-1.299,0.759,0.762,0.77,0.765,0.765,0.755,2731900,2069086
350,sh516800,智能制造ETF,0.996,-0.002,-0.2,0.995,0.996,0.998,0.995,1.003,0.986,2076200,2065652
366,sh516630,云计算50ETF,0.796,-0.001,-0.125,0.794,0.796,0.797,0.793,0.799,0.787,2581600,2049872
644,sh510530,工银中证500ETF,6.428,0.034,0.532,6.421,6.43,6.394,6.389,6.439,6.347,313187,2004261
373,sh516560,养老ETF,0.868,0.007,0.813,0.867,0.868,0.861,0.857,0.869,0.851,2280700,1973155
52,sz159940,金融ETF基金,1.007,0.016,1.615,1.005,1.007,0.991,0.985,1.008,0.984,1912300,1915447
315,sh517360,沪港深科技ETF,0.743,0.005,0.678,0.743,0.747,0.738,0.733,0.743,0.732,2517400,1855795
349,sh516810,农业50ETF,0.938,0.003,0.321,0.938,0.94,0.935,0.948,0.949,0.93,1971100,1854697
371,sh516580,新能源主题ETF,0.88,0.004,0.457,0.879,0.88,0.876,0.876,0.89,0.866,2109900,1849392
530,sh512950,央企改革ETF,1.205,0.011,0.921,1.201,1.207,1.194,1.183,1.205,1.183,1530300,1826157
182,sz159775,电池新能,0.894,0.006,0.676,0.893,0.894,0.888,0.885,0.905,0.869,2016203,1802263
85,sz159899,软件基金ETF,0.765,-0.003,-0.391,0.764,0.765,0.768,0.761,0.775,0.738,2321100,1779779
33,sz159965,央视50ETF,1.331,0.012,0.91,1.331,1.333,1.319,1.319,1.336,1.311,1338400,1765140
504,sh513520,日经ETF,1.076,-0.003,-0.278,1.073,1.076,1.079,1.074,1.076,1.067,1647900,1762589
141,sz159830,上海金ETF,3.857,0.02,0.521,3.853,3.855,3.837,3.858,3.863,3.855,454900,1755471
66,sz159925,沪深300ETF南方,2.055,0.024,1.182,2.053,2.055,2.031,2.032,2.061,2.018,851800,1745008
360,sh516690,化工产业ETF,0.852,0.013,1.549,0.844,0.855,0.839,0.834,0.856,0.834,2047500,1735645
272,sh562500,机器人ETF,0.759,0.004,0.53,0.759,0.76,0.755,0.752,0.76,0.74,2280500,1720021
302,sh518660,黄金ETF基金,3.885,0.014,0.362,3.883,3.886,3.871,3.876,3.895,3.876,440700,1714196
379,sh516480,新材料ETF基金,1.006,0.015,1.514,1.005,1.006,0.991,0.98,1.015,0.98,1679000,1695826
613,sh511600,货币ETF,100.034,0.048,0.048,100.017,100.034,99.986,100.002,100.042,100.002,16423,1642590
317,sh517330,长江保护ETF,0.836,0.002,0.24,0.835,0.838,0.834,0.828,0.836,0.828,1955700,1629229
114,sz159862,食品ETF,0.828,0.017,2.096,0.827,0.828,0.811,0.807,0.836,0.807,1974000,1626398
303,sh518600,上海金ETF,3.885,0.022,0.57,3.881,3.885,3.863,3.881,3.89,3.881,410000,1593137
401,sh516100,互联网金融ETF,0.911,0.0,0.0,0.912,0.914,0.911,0.911,0.918,0.897,1752700,1588197
381,sh516380,智能电动车ETF,0.967,0.01,1.045,0.966,0.967,0.957,0.948,0.974,0.948,1631100,1574567
574,sh512280,景顺MSCIA股ETF,1.539,0.016,1.051,1.539,1.541,1.523,1.514,1.541,1.514,1033000,1569554
185,sz159769,消费电子龙头ETF,0.841,-0.005,-0.591,0.841,0.844,0.846,0.839,0.853,0.835,1849275,1557805
61,sz159931,金融ETF,1.592,0.03,1.921,1.592,1.593,1.562,1.557,1.592,1.551,982800,1554727
60,sz159932,中证500深ETF,1.715,-0.013,-0.752,1.705,1.72,1.728,1.74,1.74,1.715,887500,1536452
501,sh513590,香港消费ETF,0.71,0.003,0.424,0.71,0.711,0.707,0.69,0.711,0.683,2152900,1517513
553,sh512650,长三角ETF,1.074,0.012,1.13,1.071,1.073,1.062,1.065,1.074,1.065,1369600,1461602
468,sh515200,创新100ETF,1.744,0.007,0.403,1.727,1.746,1.737,1.748,1.749,1.722,839900,1460297
328,sh517090,共赢ETF,1.027,0.003,0.293,1.026,1.033,1.024,1.02,1.028,1.018,1421700,1454462
321,sh517200,互联网ETF,0.548,0.001,0.183,0.548,0.55,0.547,0.536,0.55,0.533,2683300,1453647
157,sz159810,浦银创业板ETF,1.048,0.004,0.383,1.047,1.048,1.044,1.04,1.055,1.036,1370900,1431078
529,sh512960,央调ETF,1.212,0.021,1.763,1.201,1.212,1.191,1.185,1.212,1.185,1176598,1406765
227,sz159711,港股通ETF,0.928,0.0,0.0,0.929,0.93,0.928,0.914,0.928,0.914,1496205,1376379
662,sh510200,上证券商ETF,1.075,0.012,1.129,1.075,1.076,1.063,1.063,1.08,1.06,1269300,1362288
218,sz159721,深创龙头ETF,0.786,0.007,0.899,0.784,0.786,0.779,0.774,0.789,0.774,1726900,1350208
28,sz159970,深100ETF工银,5.442,0.064,1.19,5.441,5.443,5.378,5.355,5.465,5.355,247814,1347010
612,sh511620,货币基金ETF,100.0,0.027,0.027,99.997,100.0,99.973,100.013,100.192,99.997,13120,1312493
65,sz159926,国债ETF,115.747,-0.421,-0.362,115.736,115.753,116.168,116.168,116.168,115.611,11200,1297123
473,sh515150,一带一路ETF,1.209,0.015,1.256,1.206,1.209,1.194,1.201,1.209,1.201,1070900,1292504
441,sh515600,央企创新ETF,1.198,0.001,0.084,1.198,1.199,1.197,1.189,1.2,1.189,1052900,1261342
105,sz159872,车联网ETF,0.874,0.001,0.115,0.87,0.9,0.873,0.874,0.878,0.872,1438200,1257522
192,sz159758,红利50ETF,0.915,0.012,1.329,0.913,0.915,0.903,0.9,0.915,0.896,1337211,1215987
134,sz159838,医药ETF基金,0.773,-0.008,-1.024,0.772,0.773,0.781,0.769,0.789,0.764,1569200,1208772
576,sh512220,科技ETF150,1.46,0.002,0.137,1.459,1.46,1.458,1.462,1.467,1.445,794100,1159918
563,sh512520,MSCIETF,1.209,0.012,1.003,1.2,1.208,1.197,1.196,1.21,1.189,958900,1152702
258,sh588150,科创龙头ETF,0.764,-0.001,-0.131,0.763,0.765,0.765,0.765,0.768,0.753,1446400,1101555
216,sz159725,线上消费ETF,0.766,0.022,2.957,0.765,0.766,0.744,0.737,0.767,0.7,1459800,1100564
359,sh516700,大数据产业ETF,0.853,0.003,0.353,0.852,0.853,0.85,0.849,0.856,0.843,1264100,1076187
266,sh562910,高端制造ETF,0.864,0.01,1.171,0.858,0.864,0.854,0.854,0.872,0.853,1213900,1043716
571,sh512330,信息科技ETF,0.926,0.004,0.434,0.925,0.926,0.922,0.916,0.928,0.91,1105700,1022278
542,sh512770,战略新兴ETF,1.865,0.015,0.811,1.86,1.865,1.85,1.853,1.868,1.837,547300,1016738
91,sz159891,医疗ETF基金,0.635,-0.001,-0.157,0.632,0.635,0.636,0.631,0.639,0.625,1565400,989715
137,sz159835,创新药50ETF,0.853,-0.015,-1.728,0.852,0.853,0.868,0.858,0.859,0.846,1014500,863151
361,sh516680,有色ETF基金,1.055,-0.002,-0.189,1.054,1.055,1.057,1.047,1.064,1.047,813600,858873
316,sh517350,中概科技ETF,0.645,-0.004,-0.616,0.644,0.645,0.649,0.645,0.645,0.635,1331300,853639
343,sh516890,新材料ETF平安,0.864,0.004,0.465,0.864,0.865,0.86,0.855,0.876,0.855,972100,836576
364,sh516650,有色50ETF,1.139,0.004,0.352,1.137,1.138,1.135,1.135,1.178,1.121,725100,822287
384,sh516330,物联网ETF,0.953,-0.001,-0.105,0.952,0.953,0.954,0.945,0.96,0.942,832300,795645
424,sh515820,A800ETF,1.261,0.011,0.88,1.26,1.263,1.25,1.26,1.262,1.26,630200,794655
525,sh513000,日经225ETF易方达,1.093,-0.007,-0.636,1.091,1.094,1.1,1.095,1.098,1.088,690100,753800
50,sz159943,深证成指ETF,1.232,0.01,0.818,1.232,1.237,1.222,1.222,1.235,1.212,591991,723196
676,sh510020,超大盘ETF,3.079,0.052,1.718,3.073,3.079,3.027,2.979,3.08,2.953,237110,719189
155,sz159812,黄金基金ETF,3.888,0.025,0.647,3.885,3.888,3.863,3.886,3.895,3.885,175457,681883
639,sh510590,平安中证500ETF,6.405,0.041,0.644,6.399,6.408,6.364,6.35,6.405,6.325,105100,665995
592,sh511970,国寿货币ETF,100.0,0.036,0.036,100.0,100.066,99.964,100.222,100.222,100.0,6297,630224
222,sz159717,ESG300ETF,0.912,0.011,1.221,0.911,0.912,0.901,0.895,0.913,0.895,670016,608801
603,sh511820,鹏华添利ETF,100.019,0.019,0.019,99.611,100.019,100.0,100.199,100.199,100.012,5900,590857
358,sh516710,新材料50ETF,0.824,0.009,1.104,0.824,0.828,0.815,0.814,0.829,0.81,717000,588076
139,sz159833,上海金基金ETF,3.901,0.022,0.567,3.896,3.898,3.879,3.88,3.905,3.88,148516,579237
602,sh511830,华泰货币ETF,100.017,0.019,0.019,100.017,100.018,99.998,100.066,100.066,100.007,5620,562101
660,sh510220,中小盘ETF,5.485,0.007,0.128,5.489,5.499,5.478,5.475,5.5,5.418,101100,553713
170,sz159789,饮料ETF,0.771,0.018,2.39,0.771,0.773,0.753,0.746,0.78,0.742,672500,518730
394,sh516190,文娱传媒ETF,0.913,0.03,3.398,0.913,0.914,0.883,0.875,0.915,0.873,561000,508813
166,sz159793,线上消费ETF平安,0.772,0.007,0.915,0.77,0.771,0.765,0.753,0.772,0.753,642505,491499
562,sh512530,沪深300红利ETF,1.24,0.02,1.639,1.24,1.243,1.22,1.22,1.24,1.215,398340,489746
332,sh517030,沪港深300ETF基金,0.897,0.007,0.787,0.897,0.898,0.89,0.886,0.898,0.886,539300,483163
455,sh515360,方正沪深300ETF,5.33,0.063,1.196,5.31,5.33,5.267,5.255,5.33,5.255,90700,481290
22,sz159976,湾创ETF,1.034,0.007,0.682,1.032,1.033,1.027,1.014,1.034,1.014,460300,472253
82,sz159903,深成ETF,1.409,0.008,0.571,1.409,1.412,1.401,1.401,1.415,1.392,335158,472079
594,sh511950,添利货币ETF,101.786,1.486,1.482,101.786,101.787,100.3,100.358,103.332,100.053,4427,448069
554,sh512640,金融地产ETF基金,1.969,0.043,2.233,1.96,1.97,1.926,1.921,1.972,1.905,222800,435703
29,sz159969,深100ETF银华,1.384,0.017,1.244,1.382,1.384,1.367,1.356,1.385,1.356,306500,424132
593,sh511960,嘉实快线ETF,100.012,0.039,0.039,100.012,100.038,99.973,100.236,100.236,100.01,4200,420443
609,sh511670,华泰天天金ETF,100.027,0.035,0.035,99.988,100.48,99.992,100.001,100.027,100.0,4200,420062
178,sz159779,消费电子ETF招商,0.73,0.0,0.0,0.73,0.733,0.73,0.726,0.735,0.722,548600,400811
201,sz159743,湖北ETF,0.857,-0.002,-0.233,0.858,0.859,0.859,0.851,0.859,0.851,465300,399367
591,sh511980,现金添富ETF,100.012,0.04,0.04,100.011,100.019,99.972,100.0,100.039,100.0,3900,390053
292,sh560500,中证500成长ETF,0.978,0.006,0.617,0.976,0.98,0.972,0.968,0.982,0.968,383800,375492
629,sh510810,上海国企ETF,0.84,0.015,1.818,0.839,0.84,0.825,0.825,0.841,0.825,435900,363686
41,sz159956,创业板ETF建信,1.599,0.013,0.82,1.584,1.599,1.586,1.567,1.601,1.567,225600,358678
279,sh561600,消费电子ETF,0.802,-0.002,-0.249,0.803,0.804,0.804,0.797,0.809,0.795,441500,354150
217,sz159723,科技龙头ETF,0.745,-0.004,-0.534,0.743,0.745,0.749,0.744,0.745,0.733,474201,350594
290,sh560600,医药创新ETF,1.02,-0.005,-0.488,1.02,1.024,1.025,1.032,1.032,1.001,342100,346259
335,sh516980,证券ETF先锋,0.957,0.013,1.377,0.954,0.956,0.944,0.935,0.957,0.935,360000,342193
213,sz159729,互联网ETF,0.639,0.002,0.314,0.637,0.639,0.637,0.632,0.639,0.624,542400,341718
281,sh561500,漂亮50ETF,0.745,0.009,1.223,0.744,0.745,0.736,0.736,0.749,0.735,451700,336487
136,sz159836,创300ETF,0.916,-0.001,-0.109,0.915,0.917,0.917,0.91,0.923,0.907,363102,332584
596,sh511920,广发货币ETF,100.026,0.037,0.037,100.009,100.02,99.989,100.016,100.059,100.009,3316,331688
414,sh515930,永赢沪深300ETF,5.26,0.051,0.979,5.254,5.286,5.209,5.181,5.286,5.181,61300,321306
67,sz159923,中证100ETF,1.863,0.026,1.415,1.847,1.863,1.837,1.83,1.867,1.83,170600,317083
409,sh516000,大数据50ETF,0.841,0.001,0.119,0.84,0.841,0.84,0.832,0.845,0.83,365700,307462
229,sz159709,物联网ETF工银,0.81,0.0,0.0,0.809,0.81,0.81,0.82,0.82,0.803,377704,305928
442,sh515590,500等权ETF,1.47,0.012,0.823,1.464,1.471,1.458,1.457,1.47,1.452,209000,305789
289,sh560660,云50ETF,0.75,-0.002,-0.266,0.749,0.751,0.752,0.745,0.754,0.744,387100,290142
307,sh517800,人工智能50ETF,0.701,0.001,0.143,0.7,0.705,0.7,0.693,0.704,0.69,411600,287750
597,sh511910,融通货币ETF,100.011,0.018,0.018,100.011,100.026,99.993,100.108,100.108,100.01,2600,260120
578,sh512190,浙商之江凤凰ETF,1.75,0.01,0.575,1.75,1.753,1.74,1.723,1.75,1.723,142200,247596
537,sh512870,杭州湾区ETF,1.574,0.004,0.255,1.566,1.576,1.57,1.585,1.585,1.567,156100,244710
234,sz159702,AIETF,0.914,0.0,0.0,0.912,0.914,0.914,0.919,0.919,0.906,255700,233717
228,sz159710,智能电车ETF,0.801,-0.003,-0.373,0.801,0.815,0.804,0.797,0.816,0.797,281700,227527
494,sh513800,东京证券指数ETF,1.064,0.009,0.853,1.053,1.064,1.055,1.054,1.07,1.046,201000,212902
638,sh510600,申万上证50ETF,3.48,0.046,1.34,3.48,3.488,3.434,3.4,3.504,3.4,57700,200840
74,sz159913,深价值ETF,2.075,0.039,1.916,2.059,2.078,2.036,2.036,2.075,2.036,97900,200641
223,sz159716,深创100ETF,0.798,0.006,0.758,0.795,0.8,0.792,0.794,0.802,0.794,246701,196806
75,sz159912,深300ETF,1.631,0.005,0.308,1.631,1.635,1.626,1.626,1.648,1.62,120200,195924
437,sh515660,国联安沪深300ETF,4.726,0.047,1.004,4.726,4.727,4.679,4.679,4.727,4.679,38900,183742
498,sh513680,恒生国企ETF,0.715,0.003,0.421,0.714,0.715,0.712,0.708,0.715,0.692,258800,183203
647,sh510440,500沪市ETF,2.066,-0.03,-1.431,2.066,2.068,2.096,2.037,2.069,2.028,86000,176545
189,sz159763,新材料ETF基金,0.825,0.001,0.121,0.817,0.825,0.824,0.824,0.825,0.81,203910,167329
110,sz159866,日经ETF,0.819,-0.006,-0.727,0.818,0.819,0.825,0.824,0.824,0.81,198100,161413
606,sh511770,金鹰增益货币ETF,100.021,0.051,0.051,100.021,100.027,99.97,100.26,100.26,100.009,1600,160078
459,sh515310,沪深300添富ETF,1.167,0.014,1.214,1.162,1.171,1.153,1.146,1.171,1.143,133200,153805
572,sh512320,工银MSCI中国ETF,0.964,0.012,1.261,0.96,0.962,0.952,0.948,0.965,0.948,158900,152856
450,sh515500,中证长三角领先,1.043,0.016,1.558,1.041,1.043,1.027,1.027,1.044,1.027,140300,145660
27,sz159971,创业板ETF富国,1.788,0.003,0.168,1.788,1.792,1.785,1.78,1.802,1.702,80900,144671
56,sz159936,可选消费ETF,1.638,0.014,0.862,1.635,1.638,1.624,1.612,1.639,1.591,87000,141295
42,sz159955,创业板ETF嘉实,1.424,-0.006,-0.42,1.424,1.431,1.43,1.396,1.454,1.396,91500,129919
298,sh518860,黄金ETFAU,3.875,0.009,0.233,3.692,3.886,3.866,3.876,3.886,3.874,31604,122596
162,sz159804,创中盘88ETF,1.2,-0.004,-0.332,1.199,1.2,1.204,1.184,1.207,1.184,101200,120862
531,sh512930,AIETF,1.239,-0.003,-0.242,1.238,1.24,1.242,1.239,1.245,1.238,95900,118977
254,sh588310,双创ETF基金,0.753,-0.001,-0.133,0.753,0.76,0.754,0.75,0.757,0.749,157100,118456
390,sh516260,物联网50ETF,0.782,-0.005,-0.635,0.782,0.791,0.787,0.787,0.791,0.775,150900,118302
555,sh512610,医药卫生ETF基金,1.679,0.014,0.841,1.646,1.668,1.665,1.66,1.679,1.634,69500,115116
152,sz159815,浙江100ETF,1.024,0.01,0.986,1.019,1.02,1.014,1.011,1.024,1.011,110300,111517
59,sz159933,国投金融地产ETF,2.357,0.046,1.99,2.339,2.358,2.311,2.275,2.398,2.275,43000,100933
658,sh510270,国企ETF,1.275,0.015,1.19,1.27,1.275,1.26,1.261,1.275,1.261,78200,99373
444,sh515570,山证红利ETF,1.182,0.033,2.872,1.17,1.182,1.149,1.164,1.182,1.164,83200,97430
666,sh510160,产业升级ETF,0.726,0.006,0.833,0.723,0.727,0.72,0.723,0.728,0.723,132800,96396
643,sh510550,方正中证500ETF,1.549,0.009,0.584,1.549,1.55,1.54,1.528,1.549,1.528,62100,95543
673,sh510060,央企ETF,1.999,0.012,0.604,1.976,2.0,1.987,1.964,2.002,1.964,47400,94064
235,sz159701,物联网ETF招商,0.766,0.002,0.262,0.766,0.771,0.764,0.76,0.77,0.76,120721,92720
641,sh510570,兴业中证500ETF,0.952,0.008,0.847,0.937,0.952,0.944,0.94,0.953,0.928,98300,92345
440,sh515610,中银中证800ETF,0.908,-0.004,-0.439,0.92,0.921,0.912,0.907,0.908,0.907,100000,90750
668,sh510130,中盘ETF,5.44,0.004,0.074,5.362,5.5,5.436,5.442,5.442,5.44,13718,74626
623,sh511020,活跃国债ETF,105.3,0.05,0.048,105.3,105.439,105.25,105.3,105.439,105.3,700,73724
472,sh515160,MSCI中国招商ETF,1.305,0.013,1.006,1.304,1.305,1.292,1.285,1.305,1.285,56600,73108
616,sh511310,10年国债ETF,117.155,0.275,0.235,0.0,117.565,116.88,117.155,117.155,117.155,600,70293
148,sz159821,BOCI创业板ETF,0.979,0.003,0.307,0.974,0.979,0.976,0.976,0.981,0.964,68000,65925
663,sh510190,上证龙头ETF,3.77,0.035,0.937,3.602,3.78,3.735,3.735,3.77,3.735,17300,64915
277,sh561900,沪深300ESGETF,0.847,0.012,1.437,0.845,0.846,0.835,0.829,0.847,0.829,76400,64320
579,sh512180,MSCIA股ETF基金,1.461,0.012,0.828,1.46,1.461,1.449,1.45,1.463,1.45,43200,62933
12,sz159986,消费100ETF,1.151,0.008,0.7,1.143,1.149,1.143,1.135,1.152,1.131,54100,61858
38,sz159959,央企ETF,1.284,0.009,0.706,1.283,1.285,1.275,1.268,1.284,1.263,47900,61270
595,sh511930,中融日盈货币ETF,100.047,0.08,0.08,99.977,100.029,99.967,100.237,100.237,100.003,600,60042
57,sz159935,景顺中证500ETF,1.91,0.005,0.262,1.89,1.91,1.905,1.884,1.939,1.884,28200,54195
72,sz159916,深F60ETF,4.97,0.07,1.429,4.901,4.972,4.9,4.85,4.972,4.85,10300,50748
460,sh515300,红利低波ETF基金,1.207,0.012,1.004,1.207,1.209,1.195,1.195,1.207,1.193,42000,50513
528,sh512970,大湾区ETF,1.265,0.019,1.525,1.221,1.265,1.246,1.238,1.265,1.181,38400,48094
77,sz159909,TMT50ETF,0.619,0.005,0.814,0.617,0.618,0.614,0.61,0.62,0.608,76800,47265
34,sz159964,平安创业板ETF,1.659,0.005,0.302,1.649,1.659,1.654,1.654,1.66,1.519,26700,43946
0,sz159999,永赢中证500ETF,1.026,0.004,0.391,1.02,1.029,1.022,1.016,1.029,1.016,41200,42376
651,sh510370,兴业沪深300ETF,0.89,0.009,1.022,0.886,0.89,0.881,0.883,0.891,0.881,47700,42329
541,sh512780,京津冀ETF,0.988,-0.003,-0.303,0.985,0.991,0.991,0.991,0.991,0.974,39600,38878
20,sz159978,大湾区ETF,1.022,0.002,0.196,1.012,1.022,1.02,1.01,1.022,0.997,38300,38461
36,sz159961,深100ETF方正富邦,1.888,0.025,1.342,1.877,1.893,1.863,1.88,1.898,1.877,18200,34371
469,sh515190,中银证券500ETF,1.241,0.001,0.081,1.24,1.248,1.24,1.24,1.25,1.24,25200,31306
180,sz159777,创科技ETF基金,0.808,-0.001,-0.124,0.809,0.81,0.809,0.809,0.812,0.805,36000,29175
49,sz159944,材料ETF,1.147,0.006,0.526,1.144,1.147,1.141,1.141,1.147,1.135,24900,28369
670,sh510110,周期ETF,3.859,0.056,1.473,3.851,3.877,3.803,3.83,3.859,3.825,7100,27316
570,sh512360,平安MSCI国际ETF,1.558,-0.017,-1.079,1.558,1.581,1.575,1.546,1.558,1.546,17100,26438
25,sz159973,民企领先100ETF,1.543,0.018,1.18,1.518,1.536,1.525,1.541,1.543,1.52,16200,24682
35,sz159962,四川ETF,1.752,0.023,1.33,1.753,1.756,1.729,1.734,1.757,1.734,13100,22946
410,sh515990,国企一带一路ETF,1.238,0.016,1.309,1.238,1.242,1.222,1.231,1.238,1.231,14000,17319
76,sz159910,基本面120ETF,2.186,0.02,0.923,2.186,2.189,2.166,2.189,2.189,2.168,7900,17207
333,sh517010,沪港深500ETF指数,0.86,0.003,0.35,0.861,0.863,0.857,0.852,0.861,0.849,19000,16198
449,sh515510,500成长ETF,1.449,0.014,0.976,1.445,1.451,1.435,1.449,1.449,1.439,10700,15503
677,sh510010,180治理ETF,1.411,-0.014,-0.982,1.41,1.446,1.425,1.448,1.448,1.408,10800,15334
631,sh510770,G60创新ETF,0.805,-0.005,-0.617,0.804,0.805,0.81,0.81,0.81,0.805,17900,14427
87,sz159897,物联网ETF基金,0.835,-0.002,-0.239,0.83,0.84,0.837,0.829,0.84,0.821,17000,14113
71,sz159918,中创400ETF,1.89,0.002,0.106,1.884,1.891,1.888,1.839,1.89,1.839,6800,12810
79,sz159907,中小300ETF,1.662,-0.018,-1.071,1.649,1.677,1.68,1.68,1.68,1.661,6700,11141
324,sh517160,长江保护主题ETF,0.832,0.001,0.12,0.833,0.835,0.831,0.833,0.833,0.832,12700,10568
568,sh512390,平安MSCI低波ETF,1.202,0.019,1.606,1.203,1.214,1.183,1.197,1.218,1.197,8200,9911
672,sh510090,ESGETF基金,2.319,-0.003,-0.129,2.325,2.34,2.322,2.334,2.334,2.319,3900,9078
10,sz159988,粤债ETF,1.036,0.0,0.0,1.036,1.039,1.036,1.036,1.039,1.036,7700,7988
435,sh515680,嘉实央企创新ETF,1.199,0.001,0.083,1.198,1.199,1.198,1.193,1.199,1.19,6200,7395
448,sh515520,MSCI价值100ETF,1.204,0.001,0.083,1.15,1.211,1.203,1.208,1.208,1.202,5900,7106
45,sz159951,中关村ETF,0.896,-0.008,-0.885,0.896,0.899,0.904,0.888,0.903,0.888,6200,5556
657,sh510290,上证380ETF,2.031,0.004,0.197,2.017,2.036,2.027,2.017,2.031,2.017,2700,5475
430,sh515760,浙江国资ETF,1.086,0.006,0.556,1.086,1.088,1.08,1.083,1.086,1.083,4600,4989
14,sz159984,湾区100ETF,1.058,0.008,0.762,1.05,1.058,1.05,1.06,1.06,1.058,3500,3707
650,sh510380,国寿300ETF,1.149,0.012,1.055,1.148,1.151,1.137,1.145,1.151,1.145,3000,3446
323,sh517170,沪港深ETF,0.799,0.002,0.251,0.801,0.803,0.797,0.792,0.799,0.792,3300,2630
19,sz159979,湾创100ETF,0.975,-0.006,-0.612,0.971,0.981,0.981,0.976,0.976,0.971,2200,2142
642,sh510560,国寿500ETF,1.387,-0.013,-0.929,1.398,1.402,1.4,1.394,1.394,1.387,1500,2088
220,sz159719,开放共赢ETF,1.026,-0.005,-0.485,1.021,1.036,1.031,1.021,1.026,1.021,1500,1538
446,sh515550,中融中证500ETF,1.318,0.004,0.304,1.303,1.323,1.314,1.315,1.318,1.315,800,1053
669,sh510120,非周期ETF,3.697,0.044,1.204,3.683,3.765,3.653,3.697,3.697,3.697,100,370
436,sh515670,中银中证100ETF,1.08,0.016,1.504,1.079,1.081,1.064,1.08,1.08,1.08,100,108
532,sh512920,MSCIETF新华,1.594,0.0,0.0,1.601,1.607,1.594,0.0,0.0,0.0,0,0
434,sh515690,股息ETF,1.28,0.0,0.0,0.0,0.0,1.28,0.0,0.0,0.0,0,0
330,sh517060,沪港深ETF500,0.866,0.0,0.0,0.0,0.0,0.866,0.0,0.0,0.0,0,0
423,sh515830,工银中证800ETF,4.76,0.0,0.0,0.0,0.0,4.76,0.0,0.0,0.0,0,0
